,artist.inverted,track,track_length_seconds,genre_clean,date_entered,date_peaked,season,weeks_to_peak,weeks_on_billboard,rank_entered,highest_rank,ranks_climbed,last_rank,1,2,3,4,5,6,7,8,9,10,11,12,13,14,15,16,17,18,19,20,21,22,23,24,25,26,27,28,29,30,31,32,33,34,35,36,37,38,39,40,41,42,43,44,45,46,47,48,49,50,51,52,53,54,55,56,57,58,59,60,61,62,63,64,65,reached_top_10
0,Destiny's Child,Independent Women Part I,218,Rock,2000-09-23,2000-11-18,Fall,8.0,28,78,1.0,77.0,31.0,78,63.0,49.0,33.0,23.0,15.0,7.0,5.0,1.0,1.0,1.0,1.0,1.0,1.0,1.0,1.0,1.0,1.0,1.0,2.0,3.0,7.0,10.0,12.0,15.0,22.0,29.0,31.0,,,,,,,,,,,,,,,,,,,,,,,,,,,,,,,,,,,,,,True
1,Santana,"Maria, Maria",258,Rock,2000-02-12,2000-04-08,Winter,8.0,26,15,1.0,14.0,47.0,15,8.0,6.0,5.0,2.0,3.0,2.0,2.0,1.0,1.0,1.0,1.0,1.0,1.0,1.0,1.0,1.0,1.0,8.0,15.0,19.0,21.0,26.0,36.0,48.0,47.0,,,,,,,,,,,,,,,,,,,,,,,,,,,,,,,,,,,,,,,,True
2,Savage Garden,I Knew I Loved You,247,Rock,1999-10-23,2000-01-29,Fall,14.0,33,71,1.0,70.0,47.0,71,48.0,43.0,31.0,20.0,13.0,7.0,6.0,4.0,4.0,4.0,6.0,4.0,2.0,1.0,1.0,1.0,2.0,1.0,2.0,4.0,8.0,8.0,12.0,14.0,17.0,21.0,24.0,30.0,34.0,37.0,46.0,47.0,,,,,,,,,,,,,,,,,,,,,,,,,,,,,,,,,True
3,Madonna,Music,225,Rock,2000-08-12,2000-09-16,Summer,5.0,24,41,1.0,40.0,44.0,41,23.0,18.0,14.0,2.0,1.0,1.0,1.0,1.0,2.0,2.0,2.0,2.0,2.0,4.0,8.0,11.0,16.0,20.0,25.0,27.0,27.0,29.0,44.0,,,,,,,,,,,,,,,,,,,,,,,,,,,,,,,,,,,,,,,,,,True
4,"Aguilera, Christina",Come On Over Baby (All I Want Is You),218,Rock,2000-08-05,2000-10-14,Summer,10.0,21,57,1.0,56.0,44.0,57,47.0,45.0,29.0,23.0,18.0,11.0,9.0,9.0,11.0,1.0,1.0,1.0,1.0,4.0,8.0,12.0,22.0,23.0,43.0,44.0,,,,,,,,,,,,,,,,,,,,,,,,,,,,,,,,,,,,,,,,,,,,,True
5,Janet,Doesn't Really Matter,257,Rock,2000-06-17,2000-08-26,Summer,10.0,24,59,1.0,58.0,41.0,59,52.0,43.0,30.0,29.0,22.0,15.0,10.0,10.0,5.0,1.0,1.0,1.0,2.0,2.0,3.0,3.0,7.0,8.0,20.0,25.0,37.0,40.0,41.0,,,,,,,,,,,,,,,,,,,,,,,,,,,,,,,,,,,,,,,,,,True
6,Destiny's Child,Say My Name,271,Rock,1999-12-25,2000-03-18,Winter,12.0,32,83,1.0,82.0,47.0,83,83.0,44.0,38.0,16.0,13.0,16.0,16.0,16.0,18.0,17.0,14.0,1.0,1.0,1.0,2.0,2.0,3.0,5.0,5.0,5.0,7.0,10.0,13.0,14.0,18.0,23.0,23.0,34.0,37.0,43.0,47.0,,,,,,,,,,,,,,,,,,,,,,,,,,,,,,,,,,True
7,"Iglesias, Enrique",Be With You,216,Latin,2000-04-01,2000-06-24,Spring,12.0,20,63,1.0,62.0,28.0,63,45.0,34.0,23.0,17.0,12.0,9.0,8.0,8.0,6.0,5.0,4.0,1.0,1.0,1.0,3.0,11.0,14.0,24.0,28.0,,,,,,,,,,,,,,,,,,,,,,,,,,,,,,,,,,,,,,,,,,,,,,True
8,Sisqo,Incomplete,232,Rock,2000-06-24,2000-08-12,Summer,7.0,26,77,1.0,76.0,46.0,77,66.0,61.0,61.0,61.0,55.0,2.0,1.0,1.0,2.0,2.0,4.0,5.0,5.0,7.0,8.0,10.0,10.0,9.0,14.0,17.0,20.0,25.0,31.0,32.0,46.0,,,,,,,,,,,,,,,,,,,,,,,,,,,,,,,,,,,,,,,,True
10,N'Sync,It's Gonna Be Me,190,Rock,2000-05-06,2000-07-29,Spring,12.0,25,82,1.0,81.0,48.0,82,70.0,51.0,39.0,26.0,19.0,15.0,9.0,7.0,7.0,5.0,4.0,1.0,1.0,3.0,4.0,6.0,10.0,13.0,15.0,18.0,23.0,28.0,38.0,48.0,,,,,,,,,,,,,,,,,,,,,,,,,,,,,,,,,,,,,,,,,True
11,"Aguilera, Christina",What A Girl Wants,198,Rock,1999-11-27,2000-01-15,Fall,7.0,24,71,1.0,70.0,44.0,71,51.0,28.0,18.0,13.0,13.0,11.0,1.0,1.0,2.0,2.0,3.0,3.0,4.0,12.0,11.0,13.0,15.0,18.0,20.0,30.0,40.0,39.0,44.0,,,,,,,,,,,,,,,,,,,,,,,,,,,,,,,,,,,,,,,,,,True
12,Vertical Horizon,Everything You Want,241,Rock,2000-01-22,2000-07-15,Winter,25.0,41,70,1.0,69.0,50.0,70,61.0,53.0,46.0,40.0,33.0,31.0,26.0,22.0,19.0,17.0,15.0,13.0,9.0,9.0,8.0,8.0,6.0,7.0,7.0,8.0,3.0,3.0,6.0,6.0,1.0,2.0,3.0,4.0,7.0,9.0,10.0,18.0,20.0,27.0,29.0,36.0,40.0,50.0,47.0,50.0,,,,,,,,,,,,,,,,,,,,,,,,,True
13,Creed,With Arms Wide Open,232,Rock,2000-05-13,2000-11-11,Spring,26.0,47,84,1.0,83.0,41.0,84,78.0,76.0,74.0,70.0,68.0,74.0,75.0,69.0,74.0,70.0,79.0,84.0,86.0,76.0,62.0,45.0,29.0,19.0,11.0,10.0,7.0,5.0,3.0,3.0,3.0,1.0,2.0,2.0,3.0,3.0,3.0,4.0,5.0,5.0,5.0,5.0,9.0,12.0,13.0,13.0,17.0,22.0,26.0,28.0,37.0,41.0,,,,,,,,,,,,,,,,,,,True
14,Aaliyah,Try Again,243,Rock,2000-03-18,2000-06-17,Spring,13.0,32,59,1.0,58.0,43.0,59,53.0,38.0,28.0,21.0,18.0,16.0,14.0,12.0,10.0,9.0,8.0,6.0,1.0,2.0,2.0,2.0,2.0,3.0,4.0,5.0,5.0,6.0,9.0,13.0,14.0,16.0,23.0,22.0,33.0,36.0,43.0,,,,,,,,,,,,,,,,,,,,,,,,,,,,,,,,,,True
15,matchbox twenty,Bent,252,Rock,2000-04-29,2000-07-22,Spring,12.0,39,60,1.0,59.0,48.0,60,37.0,29.0,24.0,22.0,21.0,18.0,16.0,13.0,12.0,8.0,6.0,1.0,2.0,3.0,2.0,2.0,3.0,4.0,5.0,4.0,4.0,6.0,9.0,12.0,13.0,19.0,20.0,20.0,24.0,29.0,28.0,27.0,30.0,33.0,37.0,38.0,38.0,48.0,,,,,,,,,,,,,,,,,,,,,,,,,,,True
16,"Carey, Mariah",Thank God I Found You,254,Rock,1999-12-11,2000-02-19,Winter,10.0,20,82,1.0,81.0,89.0,82,68.0,50.0,50.0,41.0,37.0,26.0,22.0,22.0,2.0,1.0,2.0,4.0,13.0,21.0,28.0,43.0,57.0,82.0,89.0,,,,,,,,,,,,,,,,,,,,,,,,,,,,,,,,,,,,,,,,,,,,,,True
17,"Hill, Faith",Breathe,244,Rap,1999-11-06,2000-04-22,Fall,24.0,53,81,2.0,79.0,47.0,81,68.0,62.0,51.0,42.0,35.0,28.0,28.0,28.0,43.0,30.0,23.0,23.0,21.0,21.0,21.0,5.0,3.0,3.0,4.0,4.0,3.0,3.0,3.0,2.0,2.0,3.0,3.0,2.0,2.0,3.0,4.0,2.0,5.0,8.0,11.0,13.0,14.0,18.0,22.0,23.0,22.0,24.0,30.0,31.0,31.0,38.0,39.0,42.0,49.0,49.0,48.0,47.0,,,,,,,,,,,,,True
18,Mya,Case Of The Ex (Whatcha Gonna Do),230,Rock,2000-08-19,2000-12-02,Summer,15.0,30,72,2.0,70.0,35.0,72,57.0,52.0,47.0,42.0,31.0,24.0,18.0,17.0,17.0,17.0,10.0,9.0,9.0,7.0,2.0,2.0,2.0,3.0,4.0,4.0,4.0,4.0,8.0,11.0,15.0,19.0,24.0,23.0,35.0,,,,,,,,,,,,,,,,,,,,,,,,,,,,,,,,,,,,True
19,Dream,He Loves U Not,223,Rock,2000-09-30,2000-12-30,Fall,13.0,28,99,2.0,97.0,46.0,99,92.0,81.0,59.0,47.0,42.0,32.0,27.0,18.0,18.0,11.0,8.0,5.0,2.0,2.0,3.0,3.0,3.0,7.0,9.0,10.0,11.0,10.0,19.0,23.0,28.0,38.0,46.0,,,,,,,,,,,,,,,,,,,,,,,,,,,,,,,,,,,,,,True
20,"Braxton, Toni",He Wasn't Man Enough,261,Rock,2000-03-18,2000-05-06,Spring,7.0,37,63,2.0,61.0,48.0,63,55.0,48.0,39.0,35.0,24.0,3.0,2.0,2.0,4.0,4.0,5.0,11.0,12.0,16.0,15.0,14.0,14.0,12.0,10.0,11.0,13.0,13.0,13.0,15.0,16.0,14.0,13.0,17.0,19.0,23.0,29.0,37.0,33.0,34.0,41.0,48.0,,,,,,,,,,,,,,,,,,,,,,,,,,,,,True
21,"Anthony, Marc",You Sang To Me,230,Latin,2000-02-26,2000-06-03,Winter,14.0,32,77,2.0,75.0,44.0,77,54.0,50.0,43.0,30.0,27.0,21.0,18.0,15.0,13.0,13.0,13.0,13.0,5.0,2.0,2.0,5.0,7.0,9.0,12.0,12.0,16.0,20.0,20.0,22.0,25.0,26.0,29.0,35.0,33.0,40.0,44.0,,,,,,,,,,,,,,,,,,,,,,,,,,,,,,,,,,True
22,98¡,Give Me Just One Night (Una Noche),204,Rock,2000-08-19,2000-09-30,Summer,6.0,20,51,2.0,49.0,94.0,51,39.0,34.0,26.0,26.0,19.0,2.0,2.0,3.0,6.0,7.0,22.0,29.0,36.0,47.0,67.0,66.0,84.0,93.0,94.0,,,,,,,,,,,,,,,,,,,,,,,,,,,,,,,,,,,,,,,,,,,,,,True
23,Destiny's Child,Jumpin' Jumpin',228,Rock,2000-05-13,2000-08-19,Spring,14.0,32,74,3.0,71.0,39.0,74,71.0,65.0,62.0,57.0,50.0,40.0,37.0,22.0,18.0,13.0,8.0,6.0,4.0,3.0,4.0,3.0,3.0,3.0,3.0,4.0,4.0,6.0,7.0,6.0,8.0,10.0,15.0,24.0,30.0,35.0,39.0,,,,,,,,,,,,,,,,,,,,,,,,,,,,,,,,,,True
24,3 Doors Down,Kryptonite,233,Rock,2000-04-08,2000-11-11,Spring,31.0,53,81,3.0,78.0,49.0,81,70.0,68.0,67.0,66.0,57.0,54.0,53.0,51.0,51.0,51.0,51.0,47.0,44.0,38.0,28.0,22.0,18.0,18.0,14.0,12.0,7.0,6.0,6.0,6.0,5.0,5.0,4.0,4.0,4.0,4.0,3.0,3.0,3.0,4.0,5.0,5.0,9.0,9.0,15.0,14.0,13.0,14.0,16.0,17.0,21.0,22.0,24.0,28.0,33.0,42.0,42.0,49.0,,,,,,,,,,,,,True
25,Sisqo,Thong Song,245,Rock,2000-01-29,2000-05-20,Winter,16.0,28,74,3.0,71.0,46.0,74,63.0,35.0,26.0,26.0,23.0,20.0,16.0,13.0,10.0,6.0,6.0,5.0,4.0,4.0,4.0,3.0,3.0,4.0,3.0,7.0,8.0,13.0,17.0,24.0,31.0,43.0,46.0,,,,,,,,,,,,,,,,,,,,,,,,,,,,,,,,,,,,,,True
26,"Aguilera, Christina",I Turn To You,240,Rock,2000-04-15,2000-07-01,Spring,11.0,22,50,3.0,47.0,50.0,50,39.0,30.0,28.0,21.0,19.0,20.0,17.0,17.0,17.0,17.0,3.0,3.0,7.0,10.0,17.0,25.0,29.0,29.0,40.0,43.0,50.0,,,,,,,,,,,,,,,,,,,,,,,,,,,,,,,,,,,,,,,,,,,,True
27,"Houston, Whitney",My Love Is Your Love,256,Rock,1999-09-04,2000-01-08,Fall,18.0,28,81,4.0,77.0,49.0,81,68.0,44.0,16.0,11.0,9.0,8.0,7.0,8.0,7.0,8.0,8.0,6.0,6.0,5.0,5.0,5.0,5.0,4.0,6.0,10.0,10.0,11.0,20.0,22.0,27.0,34.0,49.0,,,,,,,,,,,,,,,,,,,,,,,,,,,,,,,,,,,,,,True
28,Joe,I Wanna Know,297,Rock,2000-01-01,2000-07-01,Winter,26.0,44,94,4.0,90.0,45.0,94,86.0,69.0,50.0,41.0,33.0,32.0,28.0,28.0,27.0,27.0,25.0,23.0,20.0,17.0,15.0,14.0,11.0,11.0,14.0,11.0,11.0,10.0,12.0,10.0,6.0,4.0,5.0,4.0,5.0,5.0,7.0,6.0,8.0,5.0,6.0,9.0,9.0,8.0,14.0,16.0,20.0,32.0,45.0,,,,,,,,,,,,,,,,,,,,,,True
29,"Jordan, Montell",Get It On.. Tonite,274,Rap,1999-10-23,2000-02-12,Fall,16.0,32,92,4.0,88.0,42.0,92,80.0,72.0,69.0,67.0,61.0,54.0,43.0,38.0,24.0,24.0,20.0,19.0,15.0,15.0,5.0,4.0,4.0,7.0,10.0,5.0,9.0,9.0,7.0,9.0,10.0,10.0,15.0,18.0,23.0,30.0,42.0,,,,,,,,,,,,,,,,,,,,,,,,,,,,,,,,,,True
30,N'Sync,Bye Bye Bye,195,Rock,2000-01-29,2000-04-15,Winter,11.0,23,42,4.0,38.0,40.0,42,20.0,19.0,14.0,13.0,7.0,6.0,5.0,5.0,5.0,5.0,4.0,4.0,6.0,6.0,7.0,9.0,12.0,18.0,20.0,27.0,34.0,40.0,,,,,,,,,,,,,,,,,,,,,,,,,,,,,,,,,,,,,,,,,,,True
31,Eminem,The Real Slim Shady,282,Rap,2000-05-06,2000-06-24,Spring,7.0,19,70,4.0,66.0,98.0,70,32.0,20.0,16.0,11.0,7.0,6.0,4.0,5.0,4.0,8.0,9.0,16.0,30.0,49.0,68.0,83.0,88.0,98.0,,,,,,,,,,,,,,,,,,,,,,,,,,,,,,,,,,,,,,,,,,,,,,,True
32,Pink,Most Girls,246,Rock,2000-08-12,2000-11-25,Summer,15.0,27,85,4.0,81.0,46.0,85,70.0,52.0,36.0,27.0,21.0,15.0,13.0,12.0,8.0,5.0,5.0,5.0,6.0,5.0,4.0,6.0,8.0,11.0,14.0,14.0,16.0,18.0,21.0,26.0,39.0,46.0,,,,,,,,,,,,,,,,,,,,,,,,,,,,,,,,,,,,,,,True
33,"Mumba, Samantha",Gotta Tell You,199,Rock,2000-09-09,2000-12-09,Fall,13.0,22,85,4.0,81.0,36.0,85,72.0,65.0,49.0,39.0,25.0,20.0,10.0,9.0,8.0,6.0,5.0,7.0,4.0,6.0,7.0,13.0,17.0,17.0,23.0,29.0,36.0,,,,,,,,,,,,,,,,,,,,,,,,,,,,,,,,,,,,,,,,,,,,True
34,Blaque,Bring It All To Me,226,Others,1999-10-23,2000-01-22,Fall,13.0,29,73,5.0,68.0,42.0,73,63.0,50.0,42.0,24.0,19.0,17.0,14.0,11.0,9.0,9.0,9.0,10.0,5.0,5.0,6.0,8.0,9.0,15.0,15.0,18.0,17.0,18.0,19.0,19.0,22.0,26.0,32.0,42.0,,,,,,,,,,,,,,,,,,,,,,,,,,,,,,,,,,,,,True
35,"Elliott, Missy ""Misdemeanor""",Hot Boyz,231,Rap,1999-11-27,2000-01-08,Fall,6.0,21,36,5.0,31.0,38.0,36,21.0,13.0,9.0,7.0,7.0,5.0,7.0,7.0,7.0,8.0,11.0,7.0,10.0,11.0,12.0,15.0,17.0,23.0,30.0,38.0,,,,,,,,,,,,,,,,,,,,,,,,,,,,,,,,,,,,,,,,,,,,,True
36,"Gray, Macy",I Try,232,Rock,2000-02-19,2000-05-20,Winter,13.0,27,68,5.0,63.0,46.0,68,51.0,47.0,36.0,30.0,20.0,15.0,12.0,8.0,7.0,7.0,7.0,6.0,5.0,6.0,9.0,10.0,11.0,14.0,16.0,16.0,16.0,21.0,27.0,34.0,40.0,46.0,,,,,,,,,,,,,,,,,,,,,,,,,,,,,,,,,,,,,,,True
37,N'Sync,This I Promise You,263,Rock,2000-09-30,2000-12-02,Fall,9.0,26,68,5.0,63.0,49.0,68,31.0,19.0,15.0,11.0,6.0,7.0,7.0,6.0,5.0,6.0,7.0,10.0,12.0,11.0,9.0,11.0,12.0,20.0,22.0,26.0,30.0,30.0,39.0,41.0,49.0,,,,,,,,,,,,,,,,,,,,,,,,,,,,,,,,,,,,,,,,True
38,Ruff Endz,No More,236,Rock,2000-07-01,2000-09-02,Summer,9.0,26,76,5.0,71.0,38.0,76,38.0,19.0,17.0,12.0,15.0,12.0,10.0,7.0,5.0,8.0,8.0,10.0,12.0,14.0,15.0,19.0,23.0,21.0,18.0,19.0,22.0,23.0,24.0,33.0,38.0,,,,,,,,,,,,,,,,,,,,,,,,,,,,,,,,,,,,,,,,True
39,"Backstreet Boys, The",Show Me The Meaning Of Being Lonely,234,Rock,2000-01-01,2000-03-18,Winter,11.0,24,74,6.0,68.0,47.0,74,62.0,55.0,25.0,16.0,14.0,12.0,10.0,12.0,9.0,7.0,6.0,6.0,6.0,8.0,9.0,13.0,19.0,23.0,26.0,32.0,34.0,45.0,47.0,,,,,,,,,,,,,,,,,,,,,,,,,,,,,,,,,,,,,,,,,,True
40,Nine Days,Absolutely (Story Of A Girl),189,Rock,2000-05-06,2000-07-22,Spring,11.0,27,85,6.0,79.0,48.0,85,71.0,59.0,52.0,39.0,34.0,26.0,20.0,17.0,13.0,11.0,6.0,6.0,8.0,8.0,7.0,8.0,9.0,11.0,12.0,14.0,18.0,26.0,30.0,36.0,41.0,48.0,,,,,,,,,,,,,,,,,,,,,,,,,,,,,,,,,,,,,,,True
41,"Dion, Celine",That's The Way It Is,243,Rock,1999-11-13,2000-03-04,Fall,16.0,28,74,6.0,68.0,42.0,74,68.0,65.0,49.0,44.0,34.0,30.0,30.0,17.0,14.0,11.0,8.0,9.0,10.0,11.0,11.0,6.0,8.0,7.0,7.0,9.0,10.0,14.0,16.0,26.0,31.0,35.0,42.0,,,,,,,,,,,,,,,,,,,,,,,,,,,,,,,,,,,,,,True
42,Blink-182,All The Small Things,172,Rock,1999-12-04,2000-02-19,Winter,11.0,23,89,6.0,83.0,43.0,89,76.0,69.0,59.0,59.0,51.0,50.0,35.0,26.0,15.0,7.0,6.0,8.0,8.0,9.0,11.0,14.0,16.0,18.0,23.0,33.0,41.0,43.0,,,,,,,,,,,,,,,,,,,,,,,,,,,,,,,,,,,,,,,,,,,True
43,Eiffel 65,Blue (Da Ba Dee),209,Others,1999-12-11,2000-01-29,Winter,7.0,20,67,6.0,61.0,88.0,67,29.0,16.0,16.0,13.0,11.0,9.0,6.0,7.0,9.0,13.0,19.0,21.0,24.0,32.0,42.0,56.0,60.0,76.0,88.0,,,,,,,,,,,,,,,,,,,,,,,,,,,,,,,,,,,,,,,,,,,,,,True
44,"Badu, Erkyah",Bag Lady,303,Rock,2000-08-19,2000-10-07,Summer,7.0,20,67,6.0,61.0,66.0,67,53.0,42.0,41.0,48.0,42.0,34.0,6.0,9.0,9.0,8.0,11.0,15.0,21.0,26.0,29.0,26.0,38.0,56.0,66.0,,,,,,,,,,,,,,,,,,,,,,,,,,,,,,,,,,,,,,,,,,,,,,True
45,Pink,There U Go,203,Rock,2000-03-04,2000-04-08,Spring,5.0,32,25,7.0,18.0,44.0,25,15.0,12.0,11.0,11.0,7.0,7.0,12.0,14.0,15.0,15.0,17.0,19.0,16.0,15.0,14.0,12.0,10.0,10.0,10.0,8.0,9.0,12.0,16.0,20.0,22.0,33.0,39.0,39.0,41.0,46.0,44.0,,,,,,,,,,,,,,,,,,,,,,,,,,,,,,,,,,True
46,Creed,Higher,316,Rock,1999-09-11,2000-07-22,Fall,45.0,57,81,7.0,74.0,49.0,81,77.0,73.0,63.0,61.0,58.0,56.0,52.0,56.0,57.0,57.0,57.0,57.0,57.0,60.0,61.0,61.0,57.0,60.0,61.0,,,,,,,,,43.0,41.0,34.0,28.0,25.0,23.0,22.0,16.0,16.0,18.0,14.0,13.0,13.0,11.0,11.0,9.0,9.0,7.0,7.0,9.0,9.0,12.0,14.0,16.0,17.0,17.0,21.0,26.0,29.0,32.0,39.0,39.0,43.0,47.0,50.0,50.0,49.0,True
47,Nelly,(Hot S**t) Country Grammar,257,Rap,2000-04-29,2000-09-16,Spring,20.0,34,100,7.0,93.0,49.0,100,99.0,96.0,76.0,55.0,37.0,24.0,24.0,30.0,36.0,37.0,30.0,23.0,21.0,17.0,17.0,15.0,11.0,11.0,10.0,7.0,7.0,8.0,10.0,11.0,12.0,12.0,17.0,19.0,23.0,33.0,37.0,36.0,49.0,,,,,,,,,,,,,,,,,,,,,,,,,,,,,,,,True
48,Next,Wifey,243,Rock,2000-05-27,2000-09-09,Spring,15.0,21,85,7.0,78.0,35.0,85,61.0,46.0,40.0,36.0,31.0,25.0,22.0,25.0,24.0,21.0,20.0,19.0,19.0,8.0,7.0,10.0,12.0,21.0,25.0,35.0,,,,,,,,,,,,,,,,,,,,,,,,,,,,,,,,,,,,,,,,,,,,,True
49,Kenny G,Auld Lang Syne (The Millenium Mix),470,Others,1999-12-25,2000-01-08,Winter,2.0,5,89,7.0,82.0,66.0,89,89.0,7.0,8.0,66.0,,,,,,,,,,,,,,,,,,,,,,,,,,,,,,,,,,,,,,,,,,,,,,,,,,,,,,,,,,,,,True
50,Sonique,It Feels So Good,228,Rock,2000-01-22,2000-04-22,Winter,13.0,24,67,8.0,59.0,49.0,67,52.0,30.0,23.0,19.0,17.0,16.0,16.0,14.0,12.0,13.0,13.0,11.0,8.0,10.0,10.0,11.0,14.0,17.0,19.0,21.0,31.0,38.0,49.0,,,,,,,,,,,,,,,,,,,,,,,,,,,,,,,,,,,,,,,,,,True
51,"Spears, Britney",Oops!.. I Did It Again,210,Rock,2000-04-22,2000-06-10,Spring,7.0,20,67,9.0,58.0,96.0,67,38.0,26.0,19.0,15.0,13.0,12.0,9.0,9.0,10.0,14.0,15.0,17.0,24.0,35.0,49.0,77.0,85.0,90.0,96.0,,,,,,,,,,,,,,,,,,,,,,,,,,,,,,,,,,,,,,,,,,,,,,True
52,"Backstreet Boys, The",Shape Of My Heart,229,Rock,2000-10-14,2000-12-02,Fall,7.0,20,39,9.0,30.0,70.0,39,25.0,24.0,15.0,12.0,12.0,10.0,9.0,10.0,12.0,17.0,19.0,29.0,26.0,24.0,31.0,52.0,63.0,62.0,70.0,,,,,,,,,,,,,,,,,,,,,,,,,,,,,,,,,,,,,,,,,,,,,,True
53,Everclear,Wonderful,270,Rock,2000-07-08,2000-09-30,Summer,12.0,21,77,11.0,66.0,45.0,77,69.0,53.0,37.0,33.0,25.0,24.0,23.0,22.0,25.0,28.0,25.0,11.0,13.0,13.0,11.0,18.0,28.0,36.0,39.0,45.0,,,,,,,,,,,,,,,,,,,,,,,,,,,,,,,,,,,,,,,,,,,,,False
54,Ja Rule,Between Me And You,245,Rap,2000-09-16,2000-11-18,Fall,9.0,20,85,11.0,74.0,53.0,85,74.0,61.0,37.0,27.0,22.0,22.0,16.0,14.0,11.0,11.0,14.0,17.0,18.0,18.0,21.0,30.0,30.0,42.0,53.0,,,,,,,,,,,,,,,,,,,,,,,,,,,,,,,,,,,,,,,,,,,,,,False
55,"Rimes, LeAnn",I Need You,222,Country,2000-05-27,2000-08-12,Spring,11.0,25,77,11.0,66.0,41.0,77,68.0,67.0,63.0,59.0,59.0,59.0,53.0,51.0,50.0,13.0,11.0,11.0,15.0,12.0,12.0,13.0,16.0,19.0,21.0,21.0,24.0,25.0,30.0,41.0,,,,,,,,,,,,,,,,,,,,,,,,,,,,,,,,,,,,,,,,,False
56,Smash Mouth,Then The Morning Comes,184,Rock,1999-10-30,2000-01-29,Fall,13.0,26,83,11.0,72.0,48.0,83,59.0,56.0,46.0,27.0,23.0,19.0,16.0,14.0,14.0,16.0,15.0,12.0,11.0,13.0,17.0,20.0,23.0,24.0,25.0,27.0,31.0,33.0,35.0,41.0,48.0,,,,,,,,,,,,,,,,,,,,,,,,,,,,,,,,,,,,,,,,False
57,Jay-Z,I Just Wanna Love U (Give It 2 Me),230,Rap,2000-10-28,2000-12-30,Fall,9.0,21,58,11.0,47.0,40.0,58,45.0,35.0,26.0,23.0,19.0,14.0,14.0,13.0,11.0,12.0,12.0,12.0,15.0,15.0,19.0,24.0,28.0,29.0,30.0,40.0,,,,,,,,,,,,,,,,,,,,,,,,,,,,,,,,,,,,,,,,,,,,,False
58,Jagged Edge,Let's Get Married,263,Rock,2000-05-06,2000-07-29,Spring,12.0,24,77,11.0,66.0,47.0,77,66.0,55.0,45.0,38.0,42.0,33.0,29.0,28.0,26.0,23.0,15.0,11.0,14.0,14.0,17.0,20.0,20.0,21.0,23.0,24.0,29.0,36.0,47.0,,,,,,,,,,,,,,,,,,,,,,,,,,,,,,,,,,,,,,,,,,False
59,Filter,Take A Picture,263,Rock,1999-11-27,2000-02-05,Fall,10.0,20,91,12.0,79.0,42.0,91,74.0,64.0,52.0,38.0,38.0,34.0,31.0,21.0,19.0,12.0,13.0,15.0,20.0,19.0,22.0,23.0,24.0,31.0,42.0,,,,,,,,,,,,,,,,,,,,,,,,,,,,,,,,,,,,,,,,,,,,,,False
60,"Martin, Ricky",She Bangs,242,Latin,2000-10-07,2000-12-02,Fall,8.0,18,38,12.0,26.0,100.0,38,28.0,21.0,21.0,18.0,16.0,13.0,13.0,12.0,20.0,22.0,29.0,43.0,54.0,55.0,73.0,92.0,100.0,,,,,,,,,,,,,,,,,,,,,,,,,,,,,,,,,,,,,,,,,,,,,,,,False
61,Mystikal,Shake Ya Ass,286,Rap,2000-08-12,2000-10-28,Summer,11.0,20,97,13.0,84.0,58.0,97,90.0,65.0,41.0,34.0,25.0,22.0,15.0,15.0,14.0,14.0,13.0,13.0,13.0,17.0,19.0,24.0,30.0,42.0,58.0,,,,,,,,,,,,,,,,,,,,,,,,,,,,,,,,,,,,,,,,,,,,,,False
62,BBMak,Back Here,215,Rock,2000-04-29,2000-07-29,Spring,13.0,31,99,13.0,86.0,49.0,99,86.0,60.0,52.0,38.0,34.0,28.0,21.0,18.0,18.0,19.0,15.0,18.0,13.0,16.0,15.0,16.0,16.0,17.0,15.0,18.0,17.0,16.0,22.0,24.0,30.0,36.0,37.0,42.0,45.0,49.0,,,,,,,,,,,,,,,,,,,,,,,,,,,,,,,,,,,False
63,"Spears, Britney",From The Bottom Of My Broken Heart,270,Rock,2000-01-29,2000-02-26,Winter,4.0,20,76,14.0,62.0,90.0,76,59.0,52.0,52.0,14.0,14.0,17.0,24.0,33.0,35.0,41.0,45.0,54.0,64.0,64.0,81.0,97.0,92.0,86.0,90.0,,,,,,,,,,,,,,,,,,,,,,,,,,,,,,,,,,,,,,,,,,,,,,False
64,Third Eye Blind,Never Let You Go,237,Rock,2000-01-22,2000-04-01,Winter,10.0,22,65,14.0,51.0,46.0,65,32.0,25.0,24.0,23.0,22.0,22.0,21.0,19.0,16.0,14.0,16.0,16.0,17.0,18.0,21.0,22.0,25.0,27.0,33.0,45.0,46.0,,,,,,,,,,,,,,,,,,,,,,,,,,,,,,,,,,,,,,,,,,,,False
65,Red Hot Chili Peppers,Otherside,253,Rock,2000-02-12,2000-05-27,Winter,15.0,22,80,14.0,66.0,45.0,80,72.0,65.0,52.0,51.0,49.0,40.0,37.0,32.0,29.0,29.0,29.0,29.0,24.0,18.0,14.0,15.0,16.0,19.0,22.0,29.0,45.0,,,,,,,,,,,,,,,,,,,,,,,,,,,,,,,,,,,,,,,,,,,,False
66,Profyle,Liar,237,Others,2000-09-16,2000-10-28,Fall,6.0,20,52,14.0,38.0,99.0,52,32.0,25.0,17.0,16.0,16.0,14.0,19.0,24.0,33.0,35.0,43.0,54.0,61.0,69.0,75.0,86.0,81.0,94.0,99.0,,,,,,,,,,,,,,,,,,,,,,,,,,,,,,,,,,,,,,,,,,,,,,False
67,Barenaked Ladies,Pinch Me,226,Rock,2000-09-09,2000-11-25,Fall,11.0,21,77,15.0,62.0,44.0,77,76.0,69.0,45.0,51.0,37.0,33.0,29.0,26.0,25.0,16.0,15.0,15.0,19.0,19.0,20.0,22.0,20.0,21.0,34.0,44.0,,,,,,,,,,,,,,,,,,,,,,,,,,,,,,,,,,,,,,,,,,,,,False
68,Jagged Edge,He Can't Love U,210,Rock,1999-12-11,2000-01-08,Winter,4.0,20,54,15.0,39.0,77.0,54,32.0,17.0,17.0,15.0,18.0,18.0,18.0,18.0,25.0,24.0,24.0,26.0,33.0,44.0,51.0,53.0,65.0,69.0,77.0,,,,,,,,,,,,,,,,,,,,,,,,,,,,,,,,,,,,,,,,,,,,,,False
69,504 Boyz,Wobble Wobble,215,Rap,2000-04-15,2000-05-06,Spring,3.0,18,57,17.0,40.0,96.0,57,34.0,25.0,17.0,17.0,31.0,36.0,49.0,53.0,57.0,64.0,70.0,75.0,76.0,78.0,85.0,92.0,96.0,,,,,,,,,,,,,,,,,,,,,,,,,,,,,,,,,,,,,,,,,,,,,,,,False
70,Sting,Desert Rose,232,Rock,2000-05-13,2000-08-26,Spring,15.0,26,98,17.0,81.0,49.0,98,88.0,72.0,59.0,55.0,52.0,45.0,35.0,24.0,21.0,19.0,19.0,19.0,19.0,18.0,17.0,19.0,19.0,24.0,26.0,30.0,32.0,42.0,45.0,42.0,49.0,,,,,,,,,,,,,,,,,,,,,,,,,,,,,,,,,,,,,,,,False
71,Jay-Z,Big Pimpin',235,Rap,2000-04-22,2000-07-08,Spring,11.0,20,69,18.0,51.0,50.0,69,52.0,39.0,33.0,28.0,25.0,25.0,23.0,20.0,19.0,21.0,18.0,20.0,20.0,26.0,29.0,35.0,33.0,41.0,50.0,,,,,,,,,,,,,,,,,,,,,,,,,,,,,,,,,,,,,,,,,,,,,,False
72,Kid Rock,Only God Knows Why,327,Rock,2000-02-19,2000-04-15,Winter,8.0,20,63,19.0,44.0,78.0,63,47.0,46.0,39.0,35.0,26.0,26.0,23.0,19.0,19.0,21.0,25.0,25.0,29.0,32.0,44.0,52.0,62.0,69.0,78.0,,,,,,,,,,,,,,,,,,,,,,,,,,,,,,,,,,,,,,,,,,,,,,False
73,Foo Fighters,Learn To Fly,235,Rock,1999-10-16,2000-01-22,Fall,14.0,21,80,19.0,61.0,50.0,80,69.0,68.0,63.0,60.0,52.0,42.0,32.0,30.0,25.0,22.0,22.0,26.0,20.0,19.0,20.0,26.0,30.0,35.0,42.0,50.0,,,,,,,,,,,,,,,,,,,,,,,,,,,,,,,,,,,,,,,,,,,,,False
74,"Dixie Chicks, The",Goodbye Earl,259,Country,2000-03-18,2000-05-06,Spring,7.0,15,40,19.0,21.0,98.0,40,29.0,24.0,24.0,20.0,20.0,20.0,19.0,38.0,61.0,86.0,88.0,96.0,96.0,98.0,,,,,,,,,,,,,,,,,,,,,,,,,,,,,,,,,,,,,,,,,,,,,,,,,,,False
75,Guy,Dancin',248,Others,1999-12-18,2000-01-01,Winter,2.0,11,46,19.0,27.0,94.0,46,29.0,19.0,22.0,36.0,44.0,58.0,58.0,68.0,75.0,94.0,,,,,,,,,,,,,,,,,,,,,,,,,,,,,,,,,,,,,,,,,,,,,,,,,,,,,,,False
76,Lil Bow Wow,Bounce With Me,202,Rap,2000-08-19,2000-09-16,Summer,4.0,20,48,20.0,28.0,100.0,48,35.0,24.0,24.0,20.0,20.0,20.0,20.0,22.0,27.0,27.0,36.0,40.0,53.0,61.0,69.0,80.0,90.0,99.0,,,100.0,,,,,,,,,,,,,,,,,,,,,,,,,,,,,,,,,,,,,,,,,,,,False
77,Westlife,Swear It Again,247,Rock,2000-04-01,2000-07-01,Spring,13.0,20,96,20.0,76.0,56.0,96,82.0,66.0,55.0,55.0,46.0,44.0,44.0,37.0,35.0,32.0,25.0,21.0,20.0,20.0,25.0,30.0,33.0,45.0,56.0,,,,,,,,,,,,,,,,,,,,,,,,,,,,,,,,,,,,,,,,,,,,,,False
78,Train,Meet Virginia,235,Rock,1999-10-09,2000-01-22,Fall,15.0,27,76,20.0,56.0,50.0,76,67.0,59.0,54.0,48.0,45.0,40.0,32.0,26.0,24.0,22.0,21.0,21.0,24.0,21.0,20.0,21.0,24.0,28.0,30.0,32.0,37.0,37.0,42.0,46.0,50.0,50.0,,,,,,,,,,,,,,,,,,,,,,,,,,,,,,,,,,,,,,,False
79,"Thomas, Carl",I Wish,230,Rock,2000-03-25,2000-05-13,Spring,7.0,20,75,20.0,55.0,67.0,75,64.0,48.0,39.0,32.0,28.0,24.0,20.0,22.0,21.0,22.0,26.0,23.0,24.0,27.0,28.0,42.0,44.0,52.0,67.0,,,,,,,,,,,,,,,,,,,,,,,,,,,,,,,,,,,,,,,,,,,,,,False
80,Hanson,This Time Around,254,Country,2000-04-22,2000-05-06,Spring,2.0,7,22,20.0,2.0,95.0,22,22.0,20.0,45.0,87.0,71.0,95.0,,,,,,,,,,,,,,,,,,,,,,,,,,,,,,,,,,,,,,,,,,,,,,,,,,,,,,,,,,,False
81,"Simpson, Jessica",I Think I'm In Love With You,212,Others,2000-07-01,2000-08-12,Summer,6.0,16,63,21.0,42.0,96.0,63,52.0,44.0,29.0,25.0,23.0,21.0,21.0,21.0,27.0,38.0,38.0,57.0,74.0,89.0,96.0,,,,,,,,,,,,,,,,,,,,,,,,,,,,,,,,,,,,,,,,,,,,,,,,,,False
82,Ludacris,What's Your Fantasy,256,Rap,2000-09-30,2000-12-16,Fall,11.0,22,89,21.0,68.0,47.0,89,83.0,63.0,55.0,49.0,40.0,33.0,32.0,30.0,25.0,22.0,21.0,24.0,24.0,24.0,27.0,25.0,34.0,32.0,35.0,41.0,47.0,,,,,,,,,,,,,,,,,,,,,,,,,,,,,,,,,,,,,,,,,,,,False
83,Lil' Zane,Callin' Me,223,Rap,2000-07-29,2000-09-02,Summer,5.0,13,83,21.0,62.0,95.0,83,89.0,57.0,40.0,34.0,21.0,33.0,46.0,45.0,59.0,67.0,84.0,95.0,,,,,,,,,,,,,,,,,,,,,,,,,,,,,,,,,,,,,,,,,,,,,,,,,,,,,False
84,M2M,Don't Say You Love Me,221,Others,1999-11-20,2000-01-08,Fall,7.0,12,72,21.0,51.0,98.0,72,53.0,62.0,46.0,54.0,44.0,44.0,21.0,64.0,92.0,98.0,98.0,,,,,,,,,,,,,,,,,,,,,,,,,,,,,,,,,,,,,,,,,,,,,,,,,,,,,,False
85,SoulDecision,Faded,205,Rock,2000-07-08,2000-09-09,Summer,9.0,24,94,22.0,72.0,50.0,94,90.0,81.0,64.0,56.0,43.0,35.0,27.0,25.0,22.0,22.0,27.0,27.0,27.0,31.0,31.0,30.0,34.0,31.0,34.0,34.0,38.0,45.0,50.0,,,,,,,,,,,,,,,,,,,,,,,,,,,,,,,,,,,,,,,,,,False
86,"Brock, Chad",Yes!,202,Country,2000-04-08,2000-07-01,Spring,12.0,20,90,22.0,68.0,59.0,90,77.0,66.0,61.0,59.0,47.0,39.0,33.0,32.0,31.0,28.0,27.0,22.0,27.0,31.0,39.0,45.0,50.0,53.0,59.0,,,,,,,,,,,,,,,,,,,,,,,,,,,,,,,,,,,,,,,,,,,,,,False
87,"Martin, Ricky",Shake Your Bon-Bon,188,Latin,1999-11-20,2000-02-12,Fall,12.0,18,74,22.0,52.0,93.0,74,66.0,52.0,39.0,39.0,39.0,39.0,46.0,47.0,54.0,91.0,28.0,22.0,33.0,46.0,70.0,87.0,93.0,,,,,,,,,,,,,,,,,,,,,,,,,,,,,,,,,,,,,,,,,,,,,,,,False
88,Vertical Horizon,You're A God,225,Rock,2000-08-26,2000-11-04,Summer,10.0,21,64,23.0,41.0,49.0,64,55.0,43.0,41.0,37.0,31.0,30.0,29.0,28.0,26.0,23.0,23.0,25.0,32.0,32.0,37.0,37.0,41.0,46.0,48.0,49.0,,,,,,,,,,,,,,,,,,,,,,,,,,,,,,,,,,,,,,,,,,,,,False
89,Avant,Separated,253,Rock,2000-04-29,2000-05-20,Spring,3.0,20,62,23.0,39.0,51.0,62,32.0,30.0,23.0,26.0,30.0,35.0,32.0,32.0,25.0,23.0,28.0,27.0,29.0,27.0,31.0,31.0,33.0,40.0,51.0,,,,,,,,,,,,,,,,,,,,,,,,,,,,,,,,,,,,,,,,,,,,,,False
90,"Rimes, LeAnn",Big Deal,183,Country,1999-10-16,2000-01-01,Fall,11.0,20,71,23.0,48.0,70.0,71,52.0,51.0,51.0,51.0,48.0,41.0,37.0,29.0,26.0,26.0,23.0,30.0,28.0,27.0,25.0,31.0,43.0,56.0,70.0,,,,,,,,,,,,,,,,,,,,,,,,,,,,,,,,,,,,,,,,,,,,,,False
91,IMx,Stay The Night,217,Rap,1999-10-09,2000-01-08,Fall,13.0,20,84,23.0,61.0,78.0,84,61.0,45.0,43.0,40.0,38.0,36.0,31.0,34.0,34.0,40.0,36.0,36.0,23.0,41.0,62.0,70.0,71.0,79.0,78.0,,,,,,,,,,,,,,,,,,,,,,,,,,,,,,,,,,,,,,,,,,,,,,False
92,Dr. Dre,The Next Episode,158,Rap,2000-05-27,2000-07-29,Spring,9.0,20,78,23.0,55.0,58.0,78,67.0,58.0,53.0,46.0,41.0,32.0,27.0,26.0,23.0,26.0,27.0,32.0,32.0,44.0,46.0,47.0,50.0,52.0,58.0,,,,,,,,,,,,,,,,,,,,,,,,,,,,,,,,,,,,,,,,,,,,,,False
93,"Spears, Britney",Lucky,203,Rock,2000-08-12,2000-09-09,Summer,4.0,11,61,23.0,38.0,100.0,61,41.0,28.0,26.0,23.0,29.0,30.0,40.0,66.0,86.0,100.0,,,,,,,,,,,,,,,,,,,,,,,,,,,,,,,,,,,,,,,,,,,,,,,,,,,,,,,False
94,Savage Garden,Crash And Burn,281,Rock,2000-04-08,2000-05-27,Spring,7.0,20,75,24.0,51.0,87.0,75,58.0,51.0,36.0,33.0,31.0,26.0,24.0,24.0,29.0,34.0,39.0,46.0,47.0,48.0,49.0,58.0,63.0,73.0,87.0,,,,,,,,,,,,,,,,,,,,,,,,,,,,,,,,,,,,,,,,,,,,,,False
95,Kandi,Don't Think I'm Not,230,Rock,2000-08-05,2000-10-07,Summer,9.0,24,66,24.0,42.0,41.0,66,66.0,66.0,61.0,49.0,42.0,36.0,33.0,28.0,24.0,26.0,26.0,28.0,29.0,27.0,31.0,31.0,26.0,25.0,25.0,30.0,40.0,36.0,41.0,,,,,,,,,,,,,,,,,,,,,,,,,,,,,,,,,,,,,,,,,,False
96,Sammie,I Like It,249,Rock,2000-01-29,2000-04-15,Winter,11.0,20,85,24.0,61.0,89.0,85,68.0,58.0,44.0,40.0,33.0,30.0,29.0,37.0,29.0,29.0,24.0,36.0,46.0,52.0,61.0,83.0,93.0,91.0,89.0,,,,,,,,,,,,,,,,,,,,,,,,,,,,,,,,,,,,,,,,,,,,,,False
97,Goo Goo Dolls,Broadway,234,Rock,2000-04-22,2000-07-01,Spring,10.0,20,74,24.0,50.0,87.0,74,58.0,53.0,42.0,35.0,31.0,29.0,25.0,29.0,26.0,24.0,33.0,46.0,48.0,57.0,62.0,74.0,82.0,85.0,87.0,,,,,,,,,,,,,,,,,,,,,,,,,,,,,,,,,,,,,,,,,,,,,,False
98,"Moore, Mandy",I Wanna Be With You,252,Others,2000-06-17,2000-08-12,Summer,8.0,23,69,24.0,45.0,86.0,69,63.0,54.0,50.0,45.0,42.0,31.0,28.0,24.0,34.0,42.0,53.0,65.0,66.0,77.0,94.0,99.0,,,,,93.0,91.0,91.0,90.0,89.0,86.0,,,,,,,,,,,,,,,,,,,,,,,,,,,,,,,,,,,,,,,False
99,Dr. Dre,Forgot About Dre,222,Rap,2000-01-22,2000-03-25,Winter,9.0,20,75,25.0,50.0,82.0,75,55.0,47.0,36.0,36.0,30.0,30.0,31.0,26.0,25.0,25.0,26.0,26.0,28.0,34.0,47.0,58.0,68.0,80.0,82.0,,,,,,,,,,,,,,,,,,,,,,,,,,,,,,,,,,,,,,,,,,,,,,False
100,D'Angelo,Untitled (How Does It Feel),430,Others,2000-01-22,2000-02-19,Winter,4.0,17,77,25.0,52.0,94.0,77,56.0,35.0,26.0,25.0,25.0,28.0,28.0,31.0,35.0,39.0,44.0,51.0,60.0,73.0,79.0,94.0,,,,,,,,,,,,,,,,,,,,,,,,,,,,,,,,,,,,,,,,,,,,,,,,,False
101,"Messina, Jo Dee",That's The Way,197,Country,2000-06-24,2000-08-26,Summer,9.0,20,78,25.0,53.0,59.0,78,67.0,63.0,54.0,50.0,44.0,38.0,30.0,27.0,25.0,31.0,28.0,30.0,28.0,32.0,35.0,48.0,46.0,51.0,59.0,,,,,,,,,,,,,,,,,,,,,,,,,,,,,,,,,,,,,,,,,,,,,,False
102,Avant,My First Love,268,Rock,2000-11-04,2000-12-16,Fall,6.0,20,70,26.0,44.0,79.0,70,62.0,56.0,43.0,39.0,33.0,26.0,26.0,26.0,31.0,32.0,31.0,38.0,38.0,52.0,57.0,64.0,73.0,81.0,79.0,,,,,,,,,,,,,,,,,,,,,,,,,,,,,,,,,,,,,,,,,,,,,,False
103,Son By Four,A Puro Dolor (Purest Of Pain),210,Latin,2000-04-08,2000-08-19,Spring,19.0,26,80,26.0,54.0,35.0,80,80.0,80.0,79.0,72.0,73.0,65.0,64.0,60.0,60.0,48.0,48.0,48.0,43.0,35.0,32.0,30.0,32.0,37.0,26.0,31.0,28.0,30.0,32.0,39.0,35.0,,,,,,,,,,,,,,,,,,,,,,,,,,,,,,,,,,,,,,,,False
104,Da Brat,What'Chu Like,237,Rap,2000-06-03,2000-08-12,Summer,10.0,20,71,26.0,45.0,68.0,71,65.0,54.0,54.0,51.0,41.0,41.0,33.0,28.0,31.0,26.0,28.0,36.0,39.0,49.0,58.0,62.0,65.0,68.0,68.0,,,,,,,,,,,,,,,,,,,,,,,,,,,,,,,,,,,,,,,,,,,,,,False
105,DMX,Party Up (Up In Here),225,Rap,2000-02-26,2000-04-22,Winter,8.0,21,88,27.0,61.0,43.0,88,74.0,62.0,56.0,49.0,44.0,38.0,32.0,27.0,27.0,27.0,27.0,27.0,28.0,28.0,33.0,35.0,42.0,44.0,46.0,43.0,,,,,,,,,,,,,,,,,,,,,,,,,,,,,,,,,,,,,,,,,,,,,False
106,"Dixie Chicks, The",Cowboy Take Me Away,291,Country,1999-11-27,2000-01-29,Fall,9.0,20,79,27.0,52.0,59.0,79,72.0,70.0,61.0,52.0,52.0,52.0,39.0,31.0,27.0,27.0,27.0,31.0,37.0,40.0,47.0,51.0,56.0,59.0,59.0,,,,,,,,,,,,,,,,,,,,,,,,,,,,,,,,,,,,,,,,,,,,,,False
107,"McGraw, Tim",My Next Thirty Years,217,Country,2000-10-21,2000-12-16,Fall,8.0,20,73,27.0,46.0,62.0,73,62.0,56.0,52.0,46.0,40.0,36.0,31.0,27.0,27.0,28.0,40.0,33.0,33.0,39.0,40.0,48.0,53.0,58.0,62.0,,,,,,,,,,,,,,,,,,,,,,,,,,,,,,,,,,,,,,,,,,,,,,False
108,"Tritt, Travis",Best Of Intentions,255,Country,2000-08-19,2000-12-02,Summer,15.0,22,97,27.0,70.0,48.0,97,86.0,79.0,70.0,63.0,56.0,50.0,48.0,51.0,38.0,33.0,31.0,28.0,28.0,28.0,27.0,29.0,31.0,37.0,45.0,49.0,48.0,,,,,,,,,,,,,,,,,,,,,,,,,,,,,,,,,,,,,,,,,,,,False
109,Alice Deejay,Better Off Alone,410,Others,2000-04-08,2000-06-03,Spring,8.0,20,79,27.0,52.0,86.0,79,65.0,53.0,48.0,45.0,36.0,34.0,29.0,27.0,30.0,36.0,37.0,39.0,49.0,57.0,63.0,65.0,68.0,79.0,86.0,,,,,,,,,,,,,,,,,,,,,,,,,,,,,,,,,,,,,,,,,,,,,,False
110,Hoku,Another Dumb Blonde,227,Others,2000-02-19,2000-04-08,Winter,7.0,14,69,27.0,42.0,100.0,69,49.0,49.0,34.0,34.0,34.0,30.0,27.0,36.0,41.0,53.0,56.0,80.0,100.0,,,,,,,,,,,,,,,,,,,,,,,,,,,,,,,,,,,,,,,,,,,,,,,,,,,,False
111,"Houston, Whitney",I Learned From The Best,258,Rock,2000-02-19,2000-03-25,Winter,5.0,11,83,27.0,56.0,82.0,83,83.0,83.0,40.0,28.0,27.0,28.0,36.0,53.0,73.0,82.0,,,,,,,,,,,,,,,,,,,,,,,,,,,,,,,,,,,,,,,,,,,,,,,,,,,,,,,False
112,Counting Crows,Hanginaround,247,Rock,1999-11-06,2000-01-29,Fall,12.0,20,84,28.0,56.0,66.0,84,70.0,66.0,60.0,46.0,37.0,35.0,35.0,35.0,32.0,29.0,29.0,28.0,32.0,38.0,48.0,56.0,59.0,61.0,66.0,,,,,,,,,,,,,,,,,,,,,,,,,,,,,,,,,,,,,,,,,,,,,,False
113,Mary Mary,Shackles (Praise You),192,Rock,2000-03-25,2000-05-13,Spring,7.0,20,90,28.0,62.0,94.0,90,76.0,72.0,54.0,43.0,37.0,34.0,28.0,33.0,30.0,31.0,39.0,43.0,53.0,60.0,70.0,71.0,76.0,84.0,94.0,,,,,,,,,,,,,,,,,,,,,,,,,,,,,,,,,,,,,,,,,,,,,,False
114,"Carey, Mariah",Crybaby,319,Rock,2000-06-24,2000-06-24,Summer,0.0,7,28,28.0,-0.0,95.0,28,34.0,48.0,62.0,77.0,90.0,95.0,,,,,,,,,,,,,,,,,,,,,,,,,,,,,,,,,,,,,,,,,,,,,,,,,,,,,,,,,,,False
115,"McGraw, Tim",My Best Friend,273,Country,1999-11-27,2000-01-29,Fall,9.0,21,85,29.0,56.0,48.0,85,76.0,71.0,64.0,54.0,54.0,55.0,46.0,38.0,29.0,29.0,33.0,32.0,31.0,36.0,38.0,39.0,41.0,46.0,49.0,48.0,,,,,,,,,,,,,,,,,,,,,,,,,,,,,,,,,,,,,,,,,,,,,False
116,Sugar Ray,Falls Apart,255,Rock,2000-01-15,2000-02-19,Winter,5.0,20,70,29.0,41.0,100.0,70,64.0,54.0,40.0,34.0,29.0,29.0,32.0,32.0,37.0,47.0,49.0,52.0,60.0,76.0,80.0,89.0,97.0,98.0,100.0,,,,,,,,,,,,,,,,,,,,,,,,,,,,,,,,,,,,,,,,,,,,,,False
117,Madonna,American Pie,270,Rock,2000-02-19,2000-03-04,Winter,2.0,9,43,29.0,14.0,88.0,43,35.0,29.0,29.0,33.0,32.0,40.0,58.0,88.0,,,,,,,,,,,,,,,,,,,,,,,,,,,,,,,,,,,,,,,,,,,,,,,,,,,,,,,,,False
118,"Jones, Donell",Where I Wanna Be,382,Rock,2000-04-22,2000-07-08,Spring,11.0,20,81,29.0,52.0,62.0,81,71.0,65.0,50.0,41.0,41.0,36.0,41.0,38.0,35.0,33.0,29.0,36.0,34.0,34.0,40.0,42.0,49.0,55.0,62.0,,,,,,,,,,,,,,,,,,,,,,,,,,,,,,,,,,,,,,,,,,,,,,False
119,"Paisley, Brad",We Danced,225,Country,2000-10-14,2000-12-16,Fall,9.0,20,71,29.0,42.0,86.0,71,68.0,52.0,52.0,45.0,42.0,39.0,34.0,34.0,29.0,36.0,42.0,55.0,53.0,57.0,64.0,72.0,84.0,83.0,86.0,,,,,,,,,,,,,,,,,,,,,,,,,,,,,,,,,,,,,,,,,,,,,,False
120,Lonestar,What About Now,210,Country,2000-06-10,2000-08-19,Summer,10.0,20,78,30.0,48.0,69.0,78,72.0,66.0,64.0,56.0,50.0,47.0,39.0,37.0,34.0,30.0,30.0,35.0,36.0,37.0,43.0,54.0,60.0,61.0,69.0,,,,,,,,,,,,,,,,,,,,,,,,,,,,,,,,,,,,,,,,,,,,,,False
121,"Backstreet Boys, The",The One,226,Rock,2000-05-27,2000-07-01,Spring,5.0,15,58,30.0,28.0,100.0,58,50.0,43.0,37.0,31.0,30.0,39.0,47.0,55.0,61.0,76.0,90.0,93.0,93.0,100.0,,,,,,,,,,,,,,,,,,,,,,,,,,,,,,,,,,,,,,,,,,,,,,,,,,,False
122,"Keith, Toby",How Do You Like Me Now?!,209,Country,2000-01-29,2000-04-08,Winter,10.0,20,77,31.0,46.0,54.0,77,72.0,59.0,53.0,45.0,43.0,41.0,36.0,36.0,32.0,31.0,31.0,35.0,35.0,38.0,43.0,45.0,51.0,52.0,54.0,,,,,,,,,,,,,,,,,,,,,,,,,,,,,,,,,,,,,,,,,,,,,,False
123,"Strait, George",The Best Day,204,Country,2000-01-29,2000-04-22,Winter,12.0,20,73,31.0,42.0,62.0,73,64.0,54.0,45.0,44.0,44.0,44.0,41.0,39.0,34.0,33.0,33.0,31.0,33.0,36.0,39.0,43.0,49.0,53.0,62.0,,,,,,,,,,,,,,,,,,,,,,,,,,,,,,,,,,,,,,,,,,,,,,False
124,"Dixie Chicks, The",Without You,212,Country,2000-10-07,2000-12-23,Fall,11.0,20,80,31.0,49.0,54.0,80,70.0,63.0,56.0,50.0,49.0,48.0,46.0,41.0,40.0,35.0,31.0,33.0,44.0,36.0,35.0,37.0,43.0,51.0,54.0,,,,,,,,,,,,,,,,,,,,,,,,,,,,,,,,,,,,,,,,,,,,,,False
125,Musiq,Just Friends (Sunny),242,Rap,2000-10-14,2000-12-30,Fall,11.0,20,89,31.0,58.0,68.0,89,83.0,65.0,55.0,54.0,54.0,52.0,44.0,41.0,34.0,32.0,31.0,35.0,34.0,41.0,41.0,48.0,54.0,58.0,68.0,,,,,,,,,,,,,,,,,,,,,,,,,,,,,,,,,,,,,,,,,,,,,,False
126,"McEntire, Reba",What Do You Say,206,Country,1999-10-30,2000-01-29,Fall,13.0,20,88,31.0,57.0,71.0,88,76.0,71.0,71.0,69.0,63.0,56.0,51.0,46.0,46.0,53.0,43.0,33.0,31.0,34.0,41.0,50.0,60.0,68.0,71.0,,,,,,,,,,,,,,,,,,,,,,,,,,,,,,,,,,,,,,,,,,,,,,False
127,"Braxton, Toni",Just Be A Man About It,250,Rock,2000-07-29,2000-09-02,Summer,5.0,20,76,32.0,44.0,90.0,76,69.0,51.0,42.0,37.0,32.0,32.0,34.0,34.0,38.0,50.0,53.0,53.0,63.0,65.0,72.0,79.0,84.0,89.0,90.0,,,,,,,,,,,,,,,,,,,,,,,,,,,,,,,,,,,,,,,,,,,,,,False
128,"Iglesias, Enrique",Rhythm Divine,455,Latin,1999-12-04,2000-01-22,Winter,7.0,17,90,32.0,58.0,96.0,90,84.0,79.0,67.0,67.0,39.0,33.0,32.0,38.0,38.0,49.0,51.0,61.0,61.0,66.0,88.0,96.0,,,,,,,,,,,,,,,,,,,,,,,,,,,,,,,,,,,,,,,,,,,,,,,,,False
129,"Fabian, Lara",I Will Love Again,223,Others,2000-06-10,2000-08-12,Summer,9.0,17,91,32.0,59.0,96.0,91,80.0,75.0,61.0,60.0,52.0,45.0,40.0,36.0,32.0,37.0,45.0,68.0,80.0,80.0,89.0,96.0,,,,,,,,,,,,,,,,,,,,,,,,,,,,,,,,,,,,,,,,,,,,,,,,,False
130,Bon Jovi,It's My Life,224,Rock,2000-08-12,2000-09-30,Summer,7.0,20,64,33.0,31.0,87.0,64,58.0,51.0,51.0,48.0,45.0,36.0,33.0,34.0,34.0,35.0,34.0,39.0,44.0,51.0,58.0,61.0,84.0,85.0,87.0,,,,,,,,,,,,,,,,,,,,,,,,,,,,,,,,,,,,,,,,,,,,,,False
131,"Evans, Sara",Born To Fly,336,Country,2000-10-21,2000-12-30,Fall,10.0,20,77,34.0,43.0,86.0,77,71.0,64.0,57.0,55.0,51.0,46.0,44.0,36.0,39.0,34.0,46.0,44.0,36.0,42.0,53.0,58.0,74.0,81.0,86.0,,,,,,,,,,,,,,,,,,,,,,,,,,,,,,,,,,,,,,,,,,,,,,False
132,"Chesney, Kenny",I Lost It,234,Country,2000-10-21,2000-12-23,Fall,9.0,20,75,34.0,41.0,92.0,75,67.0,61.0,58.0,58.0,53.0,47.0,47.0,40.0,34.0,36.0,45.0,42.0,45.0,60.0,70.0,82.0,88.0,89.0,92.0,,,,,,,,,,,,,,,,,,,,,,,,,,,,,,,,,,,,,,,,,,,,,,False
133,J-Shin,One Night Stand,274,Others,1999-12-25,2000-02-26,Winter,9.0,17,96,34.0,62.0,99.0,96,96.0,69.0,74.0,72.0,62.0,49.0,45.0,38.0,34.0,38.0,45.0,47.0,58.0,68.0,88.0,99.0,,,,,,,,,,,,,,,,,,,,,,,,,,,,,,,,,,,,,,,,,,,,,,,,,False
134,Eve,Love Is Blind,231,Rap,2000-01-08,2000-02-19,Winter,6.0,16,94,34.0,60.0,99.0,94,91.0,57.0,46.0,46.0,40.0,34.0,39.0,42.0,46.0,50.0,59.0,66.0,78.0,87.0,99.0,,,,,,,,,,,,,,,,,,,,,,,,,,,,,,,,,,,,,,,,,,,,,,,,,,False
135,Aaliyah,I Don't Wanna,255,Rock,2000-01-29,2000-03-04,Winter,5.0,20,84,35.0,49.0,86.0,84,62.0,51.0,41.0,38.0,35.0,35.0,38.0,38.0,36.0,37.0,37.0,38.0,49.0,61.0,63.0,62.0,67.0,83.0,86.0,,,,,,,,,,,,,,,,,,,,,,,,,,,,,,,,,,,,,,,,,,,,,,False
136,"Montgomery, John Michael",The Little Girl,232,Country,2000-09-09,2000-10-28,Fall,7.0,20,81,35.0,46.0,74.0,81,67.0,64.0,56.0,45.0,41.0,41.0,35.0,35.0,38.0,37.0,42.0,45.0,50.0,57.0,63.0,62.0,83.0,74.0,74.0,,,,,,,,,,,,,,,,,,,,,,,,,,,,,,,,,,,,,,,,,,,,,,False
137,"Carter, Aaron",Aaron's Party (Come Get It),203,Others,2000-08-26,2000-09-16,Summer,3.0,15,99,35.0,64.0,100.0,99,75.0,57.0,35.0,35.0,37.0,43.0,79.0,51.0,55.0,67.0,83.0,86.0,92.0,100.0,,,,,,,,,,,,,,,,,,,,,,,,,,,,,,,,,,,,,,,,,,,,,,,,,,,False
138,"Vassar, Phil",Just Another Day In Paradise,234,Country,2000-09-30,2000-12-02,Fall,9.0,20,81,35.0,46.0,79.0,81,81.0,76.0,67.0,53.0,46.0,43.0,38.0,36.0,35.0,43.0,41.0,46.0,51.0,62.0,58.0,63.0,70.0,74.0,79.0,,,,,,,,,,,,,,,,,,,,,,,,,,,,,,,,,,,,,,,,,,,,,,False
139,Ice Cube,You Can Do It,260,Rap,1999-12-04,2000-01-15,Winter,6.0,12,86,35.0,51.0,89.0,86,66.0,50.0,42.0,42.0,40.0,35.0,46.0,45.0,54.0,73.0,89.0,,,,,,,,,,,,,,,,,,,,,,,,,,,,,,,,,,,,,,,,,,,,,,,,,,,,,,False
140,"Wills, Mark",Back At One,240,Country,2000-01-15,2000-02-26,Winter,6.0,18,89,36.0,53.0,99.0,89,55.0,51.0,43.0,37.0,37.0,36.0,39.0,42.0,46.0,45.0,52.0,64.0,74.0,84.0,90.0,94.0,99.0,,,,,,,,,,,,,,,,,,,,,,,,,,,,,,,,,,,,,,,,,,,,,,,,False
141,Lucy Pearl,Dance Tonight,225,Others,2000-05-20,2000-07-29,Spring,10.0,19,80,36.0,44.0,92.0,80,75.0,63.0,59.0,55.0,49.0,42.0,42.0,40.0,40.0,36.0,43.0,46.0,54.0,72.0,84.0,84.0,86.0,92.0,,,,,,,,,,,,,,,,,,,,,,,,,,,,,,,,,,,,,,,,,,,,,,,False
142,"Jackson, Alan",It Must Be Love,173,Country,2000-06-24,2000-09-02,Summer,10.0,20,76,37.0,39.0,89.0,76,74.0,68.0,63.0,57.0,49.0,44.0,39.0,39.0,38.0,37.0,37.0,40.0,47.0,62.0,64.0,75.0,80.0,84.0,89.0,,,,,,,,,,,,,,,,,,,,,,,,,,,,,,,,,,,,,,,,,,,,,,False
143,"Griggs, Andy",She's More,199,Country,2000-03-11,2000-06-10,Spring,13.0,20,81,37.0,44.0,85.0,81,76.0,69.0,67.0,62.0,55.0,52.0,51.0,51.0,48.0,47.0,43.0,42.0,37.0,41.0,50.0,69.0,73.0,77.0,85.0,,,,,,,,,,,,,,,,,,,,,,,,,,,,,,,,,,,,,,,,,,,,,,False
144,No Doubt,Simple Kind Of Life,251,Rock,2000-07-01,2000-07-22,Summer,3.0,13,50,38.0,12.0,98.0,50,40.0,39.0,38.0,38.0,48.0,52.0,55.0,80.0,85.0,88.0,100.0,98.0,,,,,,,,,,,,,,,,,,,,,,,,,,,,,,,,,,,,,,,,,,,,,,,,,,,,,False
145,"Jean, Wyclef",911,240,Rap,2000-10-07,2000-11-25,Fall,7.0,19,77,38.0,39.0,96.0,77,74.0,64.0,61.0,53.0,48.0,43.0,38.0,42.0,38.0,44.0,49.0,53.0,61.0,66.0,68.0,80.0,85.0,96.0,,,,,,,,,,,,,,,,,,,,,,,,,,,,,,,,,,,,,,,,,,,,,,,False
146,Rascal Flatts,Prayin' For Daylight,216,Country,2000-05-06,2000-08-12,Spring,14.0,20,87,38.0,49.0,77.0,87,78.0,72.0,68.0,66.0,64.0,58.0,58.0,56.0,54.0,49.0,46.0,46.0,41.0,38.0,38.0,47.0,65.0,72.0,77.0,,,,,,,,,,,,,,,,,,,,,,,,,,,,,,,,,,,,,,,,,,,,,,False
147,Vitamin C,Graduation (Friends Forever),263,Rock,2000-04-15,2000-06-10,Spring,8.0,12,81,38.0,43.0,87.0,81,64.0,54.0,54.0,46.0,40.0,40.0,40.0,38.0,42.0,57.0,87.0,,,,,,,,,,,,,,,,,,,,,,,,,,,,,,,,,,,,,,,,,,,,,,,,,,,,,,False
148,"Gilman, Billy",One Voice,247,Country,2000-06-17,2000-09-02,Summer,11.0,19,86,38.0,48.0,97.0,86,86.0,82.0,72.0,65.0,56.0,56.0,55.0,44.0,44.0,43.0,38.0,40.0,44.0,61.0,77.0,85.0,95.0,97.0,,,,,,,,,,,,,,,,,,,,,,,,,,,,,,,,,,,,,,,,,,,,,,,False
149,Lonestar,Smile,213,Country,1999-12-18,2000-02-12,Winter,8.0,20,89,39.0,50.0,91.0,89,80.0,80.0,80.0,65.0,47.0,44.0,42.0,39.0,39.0,43.0,41.0,43.0,45.0,50.0,58.0,67.0,78.0,85.0,91.0,,,,,,,,,,,,,,,,,,,,,,,,,,,,,,,,,,,,,,,,,,,,,,False
150,"Rogers, Kenny",Buy Me A Rose,226,Country,2000-03-11,2000-05-06,Spring,8.0,20,79,40.0,39.0,91.0,79,72.0,65.0,65.0,54.0,46.0,46.0,43.0,40.0,40.0,46.0,54.0,58.0,66.0,73.0,82.0,86.0,84.0,88.0,91.0,,,,,,,,,,,,,,,,,,,,,,,,,,,,,,,,,,,,,,,,,,,,,,False
151,"Lawrence, Tracy",Lessons Learned,175,Country,2000-01-29,2000-04-08,Winter,10.0,20,80,40.0,40.0,100.0,80,73.0,61.0,61.0,48.0,48.0,48.0,48.0,44.0,42.0,40.0,40.0,50.0,66.0,81.0,93.0,94.0,99.0,99.0,100.0,,,,,,,,,,,,,,,,,,,,,,,,,,,,,,,,,,,,,,,,,,,,,,False
152,"Strait, George",Go On,228,Country,2000-08-26,2000-10-28,Summer,9.0,20,71,40.0,31.0,97.0,71,67.0,63.0,56.0,53.0,48.0,46.0,46.0,44.0,40.0,44.0,46.0,49.0,56.0,56.0,71.0,78.0,88.0,95.0,,97.0,,,,,,,,,,,,,,,,,,,,,,,,,,,,,,,,,,,,,,,,,,,,,False
153,Sisqo,Got To Get It,232,Rock,1999-11-20,2000-01-22,Fall,9.0,20,92,40.0,52.0,95.0,92,76.0,73.0,58.0,48.0,48.0,48.0,48.0,49.0,40.0,43.0,51.0,50.0,57.0,63.0,64.0,68.0,82.0,88.0,95.0,,,,,,,,,,,,,,,,,,,,,,,,,,,,,,,,,,,,,,,,,,,,,,False
154,Baha Men,Who Let The Dogs Out,197,Others,2000-07-22,2000-10-21,Summer,13.0,20,99,40.0,59.0,84.0,99,92.0,85.0,76.0,65.0,54.0,61.0,58.0,54.0,54.0,53.0,53.0,43.0,40.0,44.0,41.0,51.0,65.0,78.0,84.0,,,,,,,,,,,,,,,,,,,,,,,,,,,,,,,,,,,,,,,,,,,,,,False
155,"Walker, Clay",The Chain Of Love,303,Country,2000-04-15,2000-06-10,Spring,8.0,20,73,40.0,33.0,95.0,73,65.0,57.0,57.0,51.0,48.0,44.0,43.0,40.0,45.0,44.0,53.0,57.0,68.0,71.0,81.0,90.0,94.0,94.0,95.0,,,,,,,,,,,,,,,,,,,,,,,,,,,,,,,,,,,,,,,,,,,,,,False
156,"McBride, Martina",Love's The Only House,313,Country,2000-02-05,2000-04-15,Winter,10.0,20,79,42.0,37.0,90.0,79,69.0,65.0,58.0,53.0,52.0,52.0,48.0,45.0,43.0,42.0,42.0,50.0,60.0,64.0,75.0,91.0,93.0,92.0,90.0,,,,,,,,,,,,,,,,,,,,,,,,,,,,,,,,,,,,,,,,,,,,,,False
157,Amber,Sexual (Li Da Di),278,Rock,1999-07-17,2000-02-12,Summer,30.0,29,99,42.0,57.0,50.0,99,99.0,96.0,96.0,100.0,93.0,93.0,96.0,,,99.0,,96.0,96.0,99.0,98.0,98.0,,95.0,88.0,88.0,79.0,76.0,69.0,69.0,59.0,58.0,58.0,49.0,44.0,42.0,46.0,50.0,,,,,,,,,,,,,,,,,,,,,,,,,,,,,,,,,False
158,"Tippin, Aaron",Kiss This,173,Country,2000-08-26,2000-10-21,Summer,8.0,20,74,42.0,32.0,99.0,74,72.0,66.0,53.0,52.0,47.0,47.0,45.0,42.0,46.0,51.0,60.0,68.0,69.0,78.0,94.0,87.0,92.0,97.0,99.0,,,,,,,,,,,,,,,,,,,,,,,,,,,,,,,,,,,,,,,,,,,,,,False
159,SheDaisy,I Will.. But,220,Country,2000-07-15,2000-09-16,Summer,9.0,20,78,43.0,35.0,87.0,78,74.0,70.0,61.0,59.0,52.0,48.0,47.0,45.0,43.0,44.0,43.0,52.0,56.0,70.0,80.0,86.0,81.0,85.0,87.0,,,,,,,,,,,,,,,,,,,,,,,,,,,,,,,,,,,,,,,,,,,,,,False
160,"Raye, Collin",Couldn't Last A Moment,220,Country,2000-03-18,2000-06-24,Spring,14.0,20,91,43.0,48.0,89.0,91,85.0,75.0,73.0,67.0,63.0,63.0,63.0,56.0,49.0,48.0,46.0,44.0,44.0,43.0,45.0,53.0,66.0,73.0,89.0,,,,,,,,,,,,,,,,,,,,,,,,,,,,,,,,,,,,,,,,,,,,,,False
161,Black Rob,Whoa!,244,Rap,2000-03-04,2000-04-15,Spring,6.0,17,78,43.0,35.0,97.0,78,59.0,53.0,52.0,47.0,46.0,43.0,47.0,47.0,58.0,54.0,57.0,70.0,85.0,84.0,93.0,97.0,,,,,,,,,,,,,,,,,,,,,,,,,,,,,,,,,,,,,,,,,,,,,,,,,False
162,"Jackson, Alan",Pop A Top,184,Country,1999-11-13,2000-01-22,Fall,10.0,17,79,43.0,36.0,100.0,79,73.0,70.0,64.0,63.0,57.0,55.0,55.0,63.0,52.0,43.0,47.0,55.0,78.0,95.0,100.0,,100.0,,,,,,,,,,,,,,,,,,,,,,,,,,,,,,,,,,,,,,,,,,,,,,,,False
163,"Black, Clint",Been There,328,Country,2000-02-19,2000-04-15,Winter,8.0,20,87,44.0,43.0,100.0,87,73.0,62.0,58.0,58.0,57.0,51.0,47.0,44.0,44.0,44.0,55.0,53.0,53.0,63.0,84.0,85.0,87.0,95.0,100.0,,,,,,,,,,,,,,,,,,,,,,,,,,,,,,,,,,,,,,,,,,,,,,False
164,Common,The Light,235,Rap,2000-08-05,2000-09-09,Summer,5.0,19,75,44.0,31.0,99.0,75,55.0,53.0,49.0,46.0,44.0,49.0,51.0,51.0,56.0,52.0,56.0,70.0,82.0,86.0,89.0,93.0,93.0,99.0,,,,,,,,,,,,,,,,,,,,,,,,,,,,,,,,,,,,,,,,,,,,,,,False
165,"Vassar, Phil",Carlene,247,Country,2000-03-04,2000-04-22,Spring,7.0,19,75,45.0,30.0,93.0,75,67.0,64.0,64.0,57.0,53.0,47.0,45.0,45.0,50.0,52.0,56.0,59.0,78.0,83.0,84.0,91.0,96.0,93.0,,,,,,,,,,,,,,,,,,,,,,,,,,,,,,,,,,,,,,,,,,,,,,,False
166,"Jackson, Alan",www.memory,156,Country,2000-11-04,2000-12-23,Fall,7.0,15,75,45.0,30.0,99.0,75,59.0,59.0,54.0,50.0,49.0,47.0,45.0,49.0,69.0,63.0,67.0,77.0,89.0,99.0,,,,,,,,,,,,,,,,,,,,,,,,,,,,,,,,,,,,,,,,,,,,,,,,,,,False
167,Vitamin C,The Itch,210,Rock,2000-12-02,2000-12-16,Winter,2.0,9,86,45.0,41.0,100.0,86,48.0,45.0,52.0,57.0,58.0,76.0,95.0,100.0,,,,,,,,,,,,,,,,,,,,,,,,,,,,,,,,,,,,,,,,,,,,,,,,,,,,,,,,,False
168,"Eastsidaz, The",G'D Up,267,Rap,2000-01-08,2000-02-12,Winter,5.0,14,77,47.0,30.0,94.0,77,77.0,89.0,64.0,57.0,47.0,47.0,55.0,65.0,69.0,83.0,82.0,90.0,94.0,,,,,,,,,,,,,,,,,,,,,,,,,,,,,,,,,,,,,,,,,,,,,,,,,,,,False
169,Ideal,Whatever,228,Others,2000-06-10,2000-08-19,Summer,10.0,18,75,47.0,28.0,90.0,75,75.0,67.0,73.0,64.0,56.0,54.0,54.0,54.0,48.0,47.0,50.0,60.0,68.0,73.0,81.0,92.0,90.0,,,,,,,,,,,,,,,,,,,,,,,,,,,,,,,,,,,,,,,,,,,,,,,,False
170,"Thomas, Carl",Emotional,271,Rock,2000-11-25,2000-12-30,Fall,5.0,20,77,47.0,30.0,99.0,77,63.0,61.0,58.0,54.0,47.0,53.0,52.0,49.0,52.0,60.0,62.0,69.0,69.0,63.0,76.0,87.0,82.0,91.0,99.0,,,,,,,,,,,,,,,,,,,,,,,,,,,,,,,,,,,,,,,,,,,,,,False
171,Ginuwine,None Of Ur Friends Business,252,Rock,1999-12-11,2000-01-22,Winter,6.0,15,94,48.0,46.0,92.0,94,84.0,71.0,71.0,60.0,63.0,48.0,48.0,48.0,55.0,64.0,71.0,85.0,85.0,92.0,,,,,,,,,,,,,,,,,,,,,,,,,,,,,,,,,,,,,,,,,,,,,,,,,,,False
172,"Davidson, Clay",Unconditional,236,Country,2000-03-25,2000-06-17,Spring,12.0,20,97,49.0,48.0,83.0,97,97.0,97.0,90.0,83.0,78.0,74.0,69.0,60.0,56.0,54.0,50.0,49.0,55.0,52.0,51.0,51.0,62.0,63.0,83.0,,,,,,,,,,,,,,,,,,,,,,,,,,,,,,,,,,,,,,,,,,,,,,False
173,DMX,What You Want,245,Rap,2000-07-01,2000-09-23,Summer,12.0,20,98,49.0,49.0,100.0,98,95.0,95.0,87.0,86.0,79.0,62.0,60.0,58.0,57.0,52.0,55.0,49.0,57.0,62.0,65.0,87.0,89.0,99.0,100.0,,,,,,,,,,,,,,,,,,,,,,,,,,,,,,,,,,,,,,,,,,,,,,False
174,"John, Elton",Someday Out Of The Blue,281,Rock,2000-04-22,2000-05-06,Spring,2.0,15,56,49.0,7.0,99.0,56,56.0,49.0,59.0,67.0,60.0,64.0,73.0,81.0,90.0,93.0,89.0,98.0,94.0,99.0,,,,,,,,,,,,,,,,,,,,,,,,,,,,,,,,,,,,,,,,,,,,,,,,,,,False
175,Pearl Jam,Nothing As It Seems,320,Rock,2000-05-13,2000-05-13,Spring,0.0,6,49,49.0,-0.0,91.0,49,70.0,84.0,89.0,93.0,91.0,,,,,,,,,,,,,,,,,,,,,,,,,,,,,,,,,,,,,,,,,,,,,,,,,,,,,,,,,,,,False
176,Mya,The Best Of Me,252,Rock,2000-04-15,2000-05-20,Spring,5.0,17,85,50.0,35.0,97.0,85,70.0,65.0,62.0,55.0,50.0,50.0,56.0,61.0,61.0,72.0,84.0,81.0,86.0,86.0,94.0,97.0,,,,,,,,,,,,,,,,,,,,,,,,,,,,,,,,,,,,,,,,,,,,,,,,,False
177,"Heatherly, Eric",Flowers On The Wall,196,Country,2000-04-29,2000-08-12,Spring,15.0,20,95,50.0,45.0,89.0,95,88.0,88.0,82.0,82.0,77.0,72.0,67.0,65.0,65.0,65.0,60.0,60.0,53.0,51.0,50.0,57.0,77.0,83.0,89.0,,,,,,,,,,,,,,,,,,,,,,,,,,,,,,,,,,,,,,,,,,,,,,False
178,Eminem,Stan,326,Rap,2000-11-04,2000-12-02,Fall,4.0,15,78,51.0,27.0,100.0,78,67.0,57.0,57.0,51.0,51.0,51.0,57.0,55.0,70.0,69.0,77.0,88.0,93.0,100.0,,,,,,,,,,,,,,,,,,,,,,,,,,,,,,,,,,,,,,,,,,,,,,,,,,,False
179,"McEntire, Reba",I'll Be,263,Country,2000-05-13,2000-07-29,Spring,11.0,20,89,51.0,38.0,100.0,89,79.0,79.0,72.0,69.0,64.0,61.0,57.0,55.0,55.0,52.0,51.0,53.0,60.0,81.0,84.0,93.0,91.0,94.0,100.0,,,,,,,,,,,,,,,,,,,,,,,,,,,,,,,,,,,,,,,,,,,,,,False
180,"Lopez, Jennifer",Feelin' Good,268,Latin,2000-02-19,2000-04-08,Winter,7.0,17,79,51.0,28.0,96.0,79,79.0,66.0,54.0,54.0,54.0,54.0,51.0,61.0,79.0,96.0,,,64.0,74.0,73.0,79.0,82.0,96.0,,,,,,,,,,,,,,,,,,,,,,,,,,,,,,,,,,,,,,,,,,,,,,,False
181,"Urban, Keith",Your Everything,250,Country,2000-07-15,2000-09-16,Summer,9.0,16,81,51.0,30.0,100.0,81,80.0,73.0,73.0,67.0,64.0,60.0,59.0,53.0,51.0,55.0,66.0,84.0,90.0,96.0,100.0,,,,,,,,,,,,,,,,,,,,,,,,,,,,,,,,,,,,,,,,,,,,,,,,,,False
182,TLC,Dear Lie,276,Rock,2000-02-12,2000-03-04,Winter,3.0,7,63,51.0,12.0,92.0,63,55.0,52.0,51.0,56.0,74.0,92.0,,,,,,,,,,,,,,,,,,,,,,,,,,,,,,,,,,,,,,,,,,,,,,,,,,,,,,,,,,,False
183,"Gill, Vince",Feels Like Love,253,Country,2000-09-02,2000-11-18,Fall,11.0,20,82,52.0,30.0,89.0,82,76.0,74.0,73.0,73.0,65.0,59.0,58.0,54.0,54.0,53.0,52.0,55.0,52.0,57.0,76.0,91.0,99.0,,91.0,89.0,,,,,,,,,,,,,,,,,,,,,,,,,,,,,,,,,,,,,,,,,,,,,False
184,"Houston, Whitney",Could I Have This Kiss Forever,234,Rock,2000-06-17,2000-08-05,Summer,7.0,19,74,52.0,22.0,97.0,74,68.0,68.0,67.0,59.0,59.0,60.0,52.0,54.0,56.0,59.0,70.0,69.0,81.0,87.0,95.0,98.0,100.0,,97.0,,,,,,,,,,,,,,,,,,,,,,,,,,,,,,,,,,,,,,,,,,,,,,False
185,Bloodhound Gang,The Bad Touch,260,Others,2000-03-18,2000-04-15,Spring,4.0,12,70,52.0,18.0,98.0,70,62.0,55.0,55.0,52.0,57.0,72.0,80.0,82.0,92.0,96.0,98.0,,,,,,,,,,,,,,,,,,,,,,,,,,,,,,,,,,,,,,,,,,,,,,,,,,,,,,False
186,"Williams, Robbie",Angels,236,Rock,1999-11-20,2000-01-22,Fall,9.0,19,85,53.0,32.0,95.0,85,77.0,69.0,69.0,62.0,56.0,56.0,64.0,54.0,53.0,72.0,83.0,81.0,88.0,96.0,93.0,91.0,89.0,95.0,,,,,,,,,,,,,,,,,,,,,,,,,,,,,,,,,,,,,,,,,,,,,,,False
187,"Messina, Jo Dee",Because You Love Me,230,Country,2000-01-29,2000-03-11,Winter,6.0,13,83,53.0,30.0,93.0,83,78.0,71.0,71.0,66.0,55.0,53.0,57.0,61.0,61.0,61.0,72.0,93.0,,,,,,,,,,,,,,,,,,,,,,,,,,,,,,,,,,,,,,,,,,,,,,,,,,,,,False
188,"Keith, Toby",Country Comes To Town,219,Country,2000-08-05,2000-10-14,Summer,10.0,15,82,54.0,28.0,93.0,82,78.0,75.0,69.0,66.0,62.0,59.0,58.0,55.0,55.0,54.0,62.0,81.0,95.0,93.0,,,,,,,,,,,,,,,,,,,,,,,,,,,,,,,,,,,,,,,,,,,,,,,,,,,False
189,Beenie Man,Girls Dem Sugar,257,Others,2000-10-21,2000-12-02,Fall,6.0,15,72,54.0,18.0,95.0,72,72.0,63.0,56.0,62.0,63.0,54.0,60.0,69.0,75.0,84.0,92.0,85.0,84.0,95.0,,,,,,,,,,,,,,,,,,,,,,,,,,,,,,,,,,,,,,,,,,,,,,,,,,,False
190,"Hill, Faith",Let's Make Love,251,Rap,2000-08-12,2000-10-21,Summer,10.0,14,83,54.0,29.0,91.0,83,83.0,73.0,73.0,67.0,60.0,60.0,60.0,57.0,55.0,54.0,69.0,88.0,91.0,,,,,,,,,,,,,,,,,,,,,,,,,,,,,,,,,,,,,,,,,,,,,,,,,,,,False
191,Kelis,Caught Out There,249,Others,1999-12-04,2000-01-08,Winter,5.0,12,84,54.0,30.0,90.0,84,68.0,67.0,63.0,63.0,54.0,56.0,59.0,68.0,67.0,75.0,90.0,,,,,,,,,,,,,,,,,,,,,,,,,,,,,,,,,,,,,,,,,,,,,,,,,,,,,,False
192,Jay-Z,Anything,221,Rap,2000-02-26,2000-03-11,Winter,2.0,8,72,55.0,17.0,92.0,72,58.0,55.0,55.0,63.0,74.0,86.0,92.0,,,,,,,,,,,,,,,,,,,,,,,,,,,,,,,,,,,,,,,,,,,,,,,,,,,,,,,,,,False
193,3 Doors Down,Loser,264,Rock,2000-10-21,2000-12-02,Fall,6.0,20,76,55.0,21.0,70.0,76,76.0,72.0,69.0,67.0,65.0,55.0,59.0,62.0,61.0,61.0,59.0,61.0,66.0,72.0,76.0,75.0,67.0,73.0,70.0,,,,,,,,,,,,,,,,,,,,,,,,,,,,,,,,,,,,,,,,,,,,,,False
194,Brooks & Dunn,You'll Always Be Loved By Me,178,Country,2000-06-10,2000-09-09,Summer,13.0,19,95,55.0,40.0,98.0,95,85.0,85.0,85.0,83.0,83.0,82.0,74.0,74.0,68.0,62.0,56.0,56.0,55.0,62.0,71.0,86.0,100.0,98.0,,,,,,,,,,,,,,,,,,,,,,,,,,,,,,,,,,,,,,,,,,,,,,,False
195,"Chesney, Kenny",What I Need To Do,245,Country,2000-04-01,2000-06-10,Spring,10.0,17,79,56.0,23.0,95.0,79,74.0,68.0,72.0,69.0,69.0,62.0,58.0,57.0,57.0,56.0,56.0,56.0,72.0,80.0,93.0,95.0,,,,,,,,,,,,,,,,,,,,,,,,,,,,,,,,,,,,,,,,,,,,,,,,,False
196,"Stone, Angie",No More Rain (In This Cloud),282,Others,1999-12-25,2000-01-22,Winter,4.0,17,86,56.0,30.0,100.0,86,86.0,74.0,66.0,56.0,60.0,56.0,60.0,67.0,69.0,63.0,73.0,71.0,81.0,89.0,98.0,100.0,,,,,,,,,,,,,,,,,,,,,,,,,,,,,,,,,,,,,,,,,,,,,,,,,False
197,Da Brat,That's What I'm Looking For,224,Rap,2000-02-26,2000-04-15,Winter,7.0,18,93,56.0,37.0,100.0,93,73.0,60.0,60.0,60.0,60.0,63.0,56.0,58.0,70.0,71.0,72.0,90.0,94.0,94.0,94.0,94.0,100.0,,,,,,,,,,,,,,,,,,,,,,,,,,,,,,,,,,,,,,,,,,,,,,,,False
198,SheDaisy,This Woman Needs,200,Country,2000-02-05,2000-03-04,Winter,4.0,9,82,57.0,25.0,82.0,82,70.0,70.0,67.0,57.0,57.0,61.0,68.0,82.0,,,,,,,,,,,,,,,,,,,,,,,,,,,,,,,,,,,,,,,,,,,,,,,,,,,,,,,,,False
199,Papa Roach,Last Resort,199,Rock,2000-07-29,2000-12-02,Summer,18.0,20,75,57.0,18.0,72.0,75,71.0,69.0,69.0,66.0,64.0,61.0,61.0,66.0,64.0,63.0,60.0,65.0,66.0,62.0,66.0,64.0,64.0,57.0,72.0,,,,,,,,,,,,,,,,,,,,,,,,,,,,,,,,,,,,,,,,,,,,,,False
200,"Adams, Yolanda",Open My Heart,330,Others,2000-08-26,2000-10-21,Summer,8.0,20,76,57.0,19.0,89.0,76,76.0,74.0,69.0,68.0,67.0,61.0,58.0,57.0,59.0,66.0,68.0,61.0,67.0,59.0,63.0,67.0,71.0,79.0,89.0,,,,,,,,,,,,,,,,,,,,,,,,,,,,,,,,,,,,,,,,,,,,,,False
201,Shyne,Bad Boyz,262,Rap,2000-09-09,2000-10-28,Fall,7.0,15,94,57.0,37.0,100.0,94,87.0,90.0,90.0,82.0,67.0,61.0,57.0,71.0,78.0,74.0,81.0,88.0,96.0,100.0,,,,,,,,,,,,,,,,,,,,,,,,,,,,,,,,,,,,,,,,,,,,,,,,,,,False
202,R.E.M.,The Great Beyond,250,Rock,1999-12-25,2000-01-29,Winter,5.0,14,79,57.0,22.0,91.0,79,79.0,70.0,62.0,60.0,57.0,61.0,66.0,60.0,59.0,60.0,63.0,79.0,91.0,,,,,,,,,,,,,,,,,,,,,,,,,,,,,,,,,,,,,,,,,,,,,,,,,,,,False
203,"Diffie, Joe",It's Always Somethin',175,Country,2000-08-12,2000-09-16,Summer,5.0,14,81,57.0,24.0,100.0,81,78.0,67.0,63.0,60.0,57.0,63.0,69.0,78.0,85.0,92.0,92.0,,99.0,100.0,,,,,,,,,,,,,,,,,,,,,,,,,,,,,,,,,,,,,,,,,,,,,,,,,,,False
204,"McGraw, Tim",Some Things Never Change,236,Country,2000-05-13,2000-07-01,Spring,7.0,14,76,58.0,18.0,93.0,76,66.0,66.0,65.0,63.0,60.0,60.0,58.0,58.0,58.0,58.0,59.0,70.0,93.0,,,,,,,,,,,,,,,,,,,,,,,,,,,,,,,,,,,,,,,,,,,,,,,,,,,,False
205,"Henley, Don",Taking You Home,248,Rock,2000-06-24,2000-08-05,Summer,6.0,20,79,58.0,21.0,87.0,79,77.0,74.0,73.0,66.0,62.0,58.0,58.0,61.0,68.0,71.0,71.0,79.0,83.0,85.0,87.0,83.0,90.0,87.0,87.0,,,,,,,,,,,,,,,,,,,,,,,,,,,,,,,,,,,,,,,,,,,,,,False
206,Eminem,The Way I Am,280,Rap,2000-08-26,2000-09-30,Summer,5.0,10,87,58.0,29.0,86.0,87,74.0,59.0,65.0,59.0,58.0,59.0,62.0,89.0,86.0,,,,,,,,,,,,,,,,,,,,,,,,,,,,,,,,,,,,,,,,,,,,,,,,,,,,,,,,False
207,Nas,You Owe Me,231,Others,2000-03-25,2000-04-15,Spring,3.0,16,74,59.0,15.0,96.0,74,72.0,68.0,59.0,59.0,59.0,67.0,67.0,63.0,69.0,75.0,82.0,79.0,88.0,95.0,96.0,,,,,,,,,,,,,,,,,,,,,,,,,,,,,,,,,,,,,,,,,,,,,,,,,,False
208,Sister Hazel,Change Your Mind,242,Rock,2000-07-15,2000-08-05,Summer,3.0,20,75,59.0,16.0,98.0,75,67.0,66.0,59.0,63.0,71.0,78.0,81.0,78.0,78.0,84.0,87.0,94.0,91.0,93.0,95.0,100.0,98.0,96.0,98.0,,,,,,,,,,,,,,,,,,,,,,,,,,,,,,,,,,,,,,,,,,,,,,False
209,Puff Daddy,Best Friend,333,Rap,2000-02-12,2000-02-19,Winter,1.0,5,65,59.0,6.0,99.0,65,59.0,62.0,79.0,99.0,,,,,,,,,,,,,,,,,,,,,,,,,,,,,,,,,,,,,,,,,,,,,,,,,,,,,,,,,,,,,False
210,"McBride, Martina",There You Are,206,Country,2000-09-09,2000-10-21,Fall,6.0,13,79,60.0,19.0,92.0,79,75.0,75.0,75.0,73.0,64.0,60.0,60.0,60.0,63.0,63.0,82.0,92.0,,,,,,,,,,,,,,,,,,,,,,,,,,,,,,,,,,,,,,,,,,,,,,,,,,,,,False
211,Usher,Pop Ya Collar,216,Rock,2000-11-04,2000-11-18,Fall,2.0,7,68,60.0,8.0,93.0,68,64.0,60.0,60.0,62.0,79.0,93.0,,,,,,,,,,,,,,,,,,,,,,,,,,,,,,,,,,,,,,,,,,,,,,,,,,,,,,,,,,,False
212,Lil' Kim,No Matter What They Say,252,Rap,2000-07-15,2000-08-05,Summer,3.0,10,80,60.0,20.0,97.0,80,72.0,67.0,60.0,65.0,73.0,81.0,86.0,90.0,97.0,,,,,,,,,,,,,,,,,,,,,,,,,,,,,,,,,,,,,,,,,,,,,,,,,,,,,,,,False
213,LFO,I Don't Wanna Kiss You Goodnight,300,Rock,2000-04-15,2000-04-22,Spring,1.0,5,63,61.0,2.0,91.0,63,61.0,68.0,73.0,91.0,,,,,,,,,,,,,,,,,,,,,,,,,,,,,,,,,,,,,,,,,,,,,,,,,,,,,,,,,,,,,False
214,SheDaisy,Deck The Halls,226,Country,1999-12-25,2000-01-01,Winter,1.0,2,97,61.0,36.0,61.0,97,61.0,,,,,,,,,,,,,,,,,,,,,,,,,,,,,,,,,,,,,,,,,,,,,,,,,,,,,,,,,,,,,,,,False
215,Splender,I Think God Can Explain,235,Others,2000-06-10,2000-06-24,Summer,2.0,12,71,62.0,9.0,100.0,71,66.0,62.0,62.0,62.0,64.0,65.0,71.0,81.0,89.0,95.0,100.0,,,,,,,,,,,,,,,,,,,,,,,,,,,,,,,,,,,,,,,,,,,,,,,,,,,,,,False
216,"Simpson, Jessica",Where You Are,231,Rock,2000-04-01,2000-04-15,Spring,2.0,6,73,62.0,11.0,93.0,73,66.0,62.0,62.0,76.0,93.0,,,,,,,,,,,,,,,,,,,,,,,,,,,,,,,,,,,,,,,,,,,,,,,,,,,,,,,,,,,,False
217,M2M,Mirror Mirror,199,Others,2000-04-01,2000-05-27,Spring,8.0,18,87,62.0,25.0,96.0,87,87.0,94.0,91.0,75.0,68.0,65.0,86.0,62.0,70.0,74.0,70.0,70.0,80.0,82.0,87.0,90.0,96.0,,,,,,,,,,,,,,,,,,,,,,,,,,,,,,,,,,,,,,,,,,,,,,,,False
218,Kumbia Kings,U Don't Love Me,230,Others,2000-03-04,2000-03-18,Spring,2.0,10,81,62.0,19.0,100.0,81,64.0,62.0,67.0,70.0,70.0,75.0,87.0,89.0,100.0,,,,,,,,,,,,,,,,,,,,,,,,,,,,,,,,,,,,,,,,,,,,,,,,,,,,,,,,False
219,Joe,Treat Her Like A Lady,252,Rock,2000-08-05,2000-08-19,Summer,2.0,17,77,63.0,14.0,100.0,77,75.0,63.0,63.0,69.0,64.0,68.0,67.0,72.0,79.0,78.0,84.0,85.0,90.0,89.0,99.0,100.0,,,,,,,,,,,,,,,,,,,,,,,,,,,,,,,,,,,,,,,,,,,,,,,,,False
220,"Blige, Mary J.",Deep Inside,326,Rock,1999-11-13,2000-01-22,Fall,10.0,15,83,63.0,20.0,94.0,83,80.0,80.0,75.0,75.0,73.0,64.0,64.0,65.0,67.0,63.0,67.0,75.0,85.0,94.0,,,,,,,,,,,,,,,,,,,,,,,,,,,,,,,,,,,,,,,,,,,,,,,,,,,False
221,"Price, Kelly",You Should've Told Me,192,Rock,2000-09-23,2000-12-02,Fall,10.0,20,91,64.0,27.0,92.0,91,91.0,91.0,87.0,86.0,79.0,79.0,75.0,70.0,68.0,64.0,64.0,68.0,70.0,74.0,90.0,86.0,85.0,93.0,92.0,,,,,,,,,,,,,,,,,,,,,,,,,,,,,,,,,,,,,,,,,,,,,,False
222,Changing Faces,That Other Woman,240,Rock,2000-09-30,2000-10-28,Fall,4.0,11,80,64.0,16.0,97.0,80,72.0,66.0,66.0,64.0,76.0,65.0,66.0,75.0,85.0,97.0,,,,,,,,,,,,,,,,,,,,,,,,,,,,,,,,,,,,,,,,,,,,,,,,,,,,,,,False
223,"Wright, Chely",It Was,231,Others,2000-03-04,2000-04-15,Spring,6.0,10,86,64.0,22.0,98.0,86,78.0,75.0,72.0,71.0,69.0,64.0,75.0,85.0,98.0,,,,,,,,,,,,,,,,,,,,,,,,,,,,,,,,,,,,,,,,,,,,,,,,,,,,,,,,False
224,Limp Bizkit,Rollin',244,Rock,2000-11-11,2000-12-09,Fall,4.0,17,77,65.0,12.0,100.0,77,73.0,72.0,66.0,65.0,65.0,67.0,73.0,74.0,78.0,80.0,86.0,86.0,91.0,93.0,96.0,100.0,,,,,,,,,,,,,,,,,,,,,,,,,,,,,,,,,,,,,,,,,,,,,,,,,False
225,Hot Boys,I Need A Hot Girl,256,Rap,2000-02-19,2000-03-11,Winter,3.0,13,77,65.0,12.0,100.0,77,75.0,71.0,65.0,65.0,70.0,69.0,77.0,79.0,90.0,92.0,95.0,100.0,,,,,,,,,,,,,,,,,,,,,,,,,,,,,,,,,,,,,,,,,,,,,,,,,,,,,False
226,Jay-Z,Do It Again (Put Ya Hands Up),227,Rap,2000-01-15,2000-01-29,Winter,2.0,9,95,65.0,30.0,95.0,95,68.0,65.0,65.0,74.0,84.0,92.0,96.0,95.0,,,,,,,,,,,,,,,,,,,,,,,,,,,,,,,,,,,,,,,,,,,,,,,,,,,,,,,,,False
227,"Adkins, Trace",More,185,Country,2000-04-29,2000-06-17,Spring,7.0,11,84,65.0,19.0,92.0,84,84.0,75.0,73.0,73.0,69.0,68.0,65.0,73.0,83.0,92.0,,,,,,,,,,,,,,,,,,,,,,,,,,,,,,,,,,,,,,,,,,,,,,,,,,,,,,,False
228,"Dixie Chicks, The",Cold Day In July,312,Country,2000-06-24,2000-08-05,Summer,6.0,10,80,65.0,15.0,91.0,80,79.0,76.0,72.0,68.0,68.0,65.0,70.0,84.0,91.0,,,,,,,,,,,,,,,,,,,,,,,,,,,,,,,,,,,,,,,,,,,,,,,,,,,,,,,,False
229,"Price, Kelly",As We Lay,380,Rock,2000-07-15,2000-08-05,Summer,3.0,8,82,64.0,18.0,89.0,82,69.0,69.0,64.0,71.0,79.0,82.0,89.0,,,,,,,,,,,,,,,,,,,,,,,,,,,,,,,,,,,,,,,,,,,,,,,,,,,,,,,,,,False
230,DMX,What's My Name,230,Rap,2000-01-15,2000-02-12,Winter,4.0,11,98,67.0,31.0,100.0,98,76.0,69.0,69.0,67.0,73.0,76.0,90.0,90.0,94.0,100.0,,,,,,,,,,,,,,,,,,,,,,,,,,,,,,,,,,,,,,,,,,,,,,,,,,,,,,,False
231,"Martin, Ricky",Private Emotion,242,Latin,2000-03-11,2000-03-18,Spring,1.0,5,76,67.0,9.0,89.0,76,67.0,71.0,78.0,89.0,,,,,,,,,,,,,,,,,,,,,,,,,,,,,,,,,,,,,,,,,,,,,,,,,,,,,,,,,,,,,False
232,Nine Days,If I Am,258,Rock,2000-12-02,2000-12-02,Winter,0.0,5,68,68.0,-0.0,100.0,68,68.0,81.0,94.0,100.0,,,,,,,,,,,,,,,,,,,,,,,,,,,,,,,,,,,,,,,,,,,,,,,,,,,,,,,,,,,,,False
233,"Blige, Mary J.",Give Me You,300,Rock,2000-04-15,2000-05-13,Spring,4.0,9,97,68.0,29.0,100.0,97,94.0,77.0,76.0,68.0,77.0,89.0,90.0,,100.0,,,,,,,,,,,,,,,,,,,,,,,,,,,,,,,,,,,,,,,,,,,,,,,,,,,,,,,,False
234,Red Hot Chili Peppers,Californication,321,Rock,2000-07-29,2000-10-14,Summer,11.0,19,72,69.0,3.0,97.0,72,72.0,72.0,77.0,79.0,77.0,75.0,84.0,85.0,79.0,74.0,69.0,74.0,75.0,77.0,71.0,78.0,89.0,97.0,,,,,,,,,,,,,,,,,,,,,,,,,,,,,,,,,,,,,,,,,,,,,,,False
235,Third Eye Blind,Deep Inside Of You,250,Rock,2000-09-02,2000-10-07,Fall,5.0,12,80,69.0,11.0,93.0,80,73.0,70.0,70.0,70.0,69.0,72.0,79.0,90.0,97.0,95.0,93.0,,,,,,,,,,,,,,,,,,,,,,,,,,,,,,,,,,,,,,,,,,,,,,,,,,,,,,False
236,"Brooks, Garth",Do What You Gotta Do,176,Country,2000-02-19,2000-03-18,Winter,4.0,6,86,69.0,17.0,77.0,86,81.0,72.0,70.0,69.0,77.0,,,,,,,,,,,,,,,,,,,,,,,,,,,,,,,,,,,,,,,,,,,,,,,,,,,,,,,,,,,,False
237,"Offspring, The",Original Prankster,222,Rock,2000-11-25,2000-12-09,Fall,2.0,9,74,70.0,4.0,92.0,74,71.0,70.0,70.0,77.0,78.0,91.0,89.0,92.0,,,,,,,,,,,,,,,,,,,,,,,,,,,,,,,,,,,,,,,,,,,,,,,,,,,,,,,,,False
238,"Anthony, Marc",My Baby You,239,Latin,2000-09-16,2000-10-07,Fall,3.0,20,82,70.0,12.0,90.0,82,76.0,76.0,70.0,82.0,81.0,74.0,80.0,76.0,76.0,73.0,74.0,87.0,83.0,89.0,93.0,94.0,94.0,91.0,90.0,,,,,,,,,,,,,,,,,,,,,,,,,,,,,,,,,,,,,,,,,,,,,,False
239,"Houston, Whitney","Same Script, Different Cast",285,Rock,2000-06-17,2000-07-15,Summer,4.0,9,71,70.0,1.0,91.0,71,71.0,71.0,71.0,70.0,75.0,77.0,88.0,91.0,,,,,,,,,,,,,,,,,,,,,,,,,,,,,,,,,,,,,,,,,,,,,,,,,,,,,,,,,False
240,D'Angelo,Left & Right,275,Others,1999-12-11,2000-01-01,Winter,3.0,5,93,70.0,23.0,91.0,93,77.0,75.0,70.0,91.0,,,,,,,,,,,,,,,,,,,,,,,,,,,,,,,,,,,,,,,,,,,,,,,,,,,,,,,,,,,,,False
241,"Kravitz, Lenny",I Belong To You,257,Rock,2000-03-25,2000-04-08,Spring,2.0,9,78,71.0,7.0,93.0,78,77.0,71.0,71.0,71.0,83.0,90.0,90.0,93.0,,,,,,,,,,,,,,,,,,,,,,,,,,,,,,,,,,,,,,,,,,,,,,,,,,,,,,,,,False
242,"Loveless, Patty",That's The Kind Of Mood I'm In,207,Country,2000-09-16,2000-11-18,Fall,9.0,14,98,71.0,27.0,91.0,98,93.0,93.0,93.0,88.0,88.0,82.0,81.0,73.0,71.0,71.0,72.0,85.0,91.0,,,,,,,,,,,,,,,,,,,,,,,,,,,,,,,,,,,,,,,,,,,,,,,,,,,,False
243,Q-Tip,Breathe And Stop,246,Rock,2000-01-22,2000-01-22,Winter,0.0,5,71,71.0,-0.0,96.0,71,71.0,81.0,82.0,96.0,,,,,,,,,,,,,,,,,,,,,,,,,,,,,,,,,,,,,,,,,,,,,,,,,,,,,,,,,,,,,False
244,"Rimes, LeAnn",Can't Fight The Moonlight,213,Country,2000-09-09,2000-09-16,Fall,1.0,20,82,71.0,11.0,93.0,82,71.0,79.0,83.0,96.0,99.0,78.0,78.0,83.0,79.0,77.0,76.0,79.0,81.0,88.0,85.0,86.0,79.0,87.0,93.0,,,,,,,,,,,,,,,,,,,,,,,,,,,,,,,,,,,,,,,,,,,,,,False
245,Lil Wayne,Tha Block Is Hot,253,Rap,1999-12-04,2000-01-08,Winter,5.0,11,99,72.0,27.0,95.0,99,89.0,92.0,84.0,84.0,72.0,81.0,81.0,86.0,87.0,95.0,,,,,,,,,,,,,,,,,,,,,,,,,,,,,,,,,,,,,,,,,,,,,,,,,,,,,,,False
246,2 Pac,Baby Don't Cry (Keep Ya Head Up II),262,Rap,2000-02-26,2000-03-11,Winter,2.0,7,87,72.0,15.0,99.0,87,82.0,72.0,77.0,87.0,94.0,99.0,,,,,,,,,,,,,,,,,,,,,,,,,,,,,,,,,,,,,,,,,,,,,,,,,,,,,,,,,,,False
247,"Wallflowers, The",Sleepwalker,209,Rock,2000-10-28,2000-10-28,Fall,0.0,6,73,73.0,-0.0,96.0,73,73.0,74.0,80.0,90.0,96.0,,,,,,,,,,,,,,,,,,,,,,,,,,,,,,,,,,,,,,,,,,,,,,,,,,,,,,,,,,,,False
248,Drama,"Left, Right, Left",217,Rap,2000-02-12,2000-03-18,Winter,5.0,13,100,73.0,27.0,96.0,100,98.0,89.0,80.0,75.0,73.0,80.0,86.0,91.0,96.0,100.0,98.0,96.0,,,,,,,,,,,,,,,,,,,,,,,,,,,,,,,,,,,,,,,,,,,,,,,,,,,,,False
249,Limp Bizkit,N 2 Gether Now,235,Rock,1999-12-04,2000-01-08,Winter,5.0,11,94,73.0,21.0,96.0,94,88.0,85.0,78.0,78.0,73.0,84.0,86.0,90.0,97.0,96.0,,,,,,,,,,,,,,,,,,,,,,,,,,,,,,,,,,,,,,,,,,,,,,,,,,,,,,,False
250,Lox,"Ryde or Die, Chick",236,Rap,2000-03-18,2000-03-25,Spring,1.0,7,86,73.0,13.0,97.0,86,73.0,80.0,84.0,91.0,97.0,97.0,,,,,,,,,,,,,,,,,,,,,,,,,,,,,,,,,,,,,,,,,,,,,,,,,,,,,,,,,,,False
251,Ying Yang Twins,Whistle While You Twurk,259,Rap,2000-03-18,2000-04-29,Spring,6.0,14,95,74.0,21.0,99.0,95,94.0,91.0,85.0,84.0,78.0,74.0,78.0,85.0,89.0,97.0,96.0,99.0,99.0,,,,,,,,,,,,,,,,,,,,,,,,,,,,,,,,,,,,,,,,,,,,,,,,,,,,False
252,"Walker, Clay","Live, Laugh, Love",246,Country,1999-12-04,2000-01-22,Winter,7.0,11,95,74.0,21.0,98.0,95,95.0,94.0,94.0,94.0,95.0,82.0,74.0,79.0,92.0,98.0,,,,,,,,,,,,,,,,,,,,,,,,,,,,,,,,,,,,,,,,,,,,,,,,,,,,,,,False
253,Metallica,No Leaf Clover (Live),343,Rock,2000-02-12,2000-03-11,Winter,4.0,10,86,74.0,12.0,95.0,86,81.0,78.0,76.0,74.0,80.0,86.0,93.0,95.0,95.0,,,,,,,,,,,,,,,,,,,,,,,,,,,,,,,,,,,,,,,,,,,,,,,,,,,,,,,,False
254,Yankee Grey,Another Nine Minutes,190,Country,2000-04-29,2000-05-20,Spring,3.0,8,86,74.0,12.0,95.0,86,83.0,77.0,74.0,83.0,79.0,88.0,95.0,,,,,,,,,,,,,,,,,,,,,,,,,,,,,,,,,,,,,,,,,,,,,,,,,,,,,,,,,,False
255,"Bega, Lou",Tricky Tricky ,203,Rock,2000-01-29,2000-02-05,Winter,1.0,3,75,74.0,1.0,87.0,75,74.0,87.0,,,,,,,,,,,,,,,,,,,,,,,,,,,,,,,,,,,,,,,,,,,,,,,,,,,,,,,,,,,,,,,False
256,Big Punisher,It's So Hard,205,Rap,2000-04-22,2000-05-06,Spring,2.0,15,96,75.0,21.0,100.0,96,87.0,75.0,79.0,81.0,81.0,76.0,76.0,78.0,84.0,90.0,88.0,94.0,98.0,100.0,,,,,,,,,,,,,,,,,,,,,,,,,,,,,,,,,,,,,,,,,,,,,,,,,,,False
257,"Worley, Darryl",When You Need My Love,215,Country,2000-06-17,2000-09-02,Summer,11.0,15,98,75.0,23.0,99.0,98,88.0,93.0,92.0,85.0,85.0,84.0,80.0,80.0,80.0,80.0,75.0,78.0,86.0,99.0,,,,,,,,,,,,,,,,,,,,,,,,,,,,,,,,,,,,,,,,,,,,,,,,,,,False
258,Lil' Kim,How Many Licks?,230,Rap,2000-11-25,2000-12-02,Fall,1.0,9,79,75.0,4.0,96.0,79,75.0,77.0,86.0,86.0,89.0,,,96.0,96.0,96.0,,,,,,,,,,,,,,,,,,,,,,,,,,,,,,,,,,,,,,,,,,,,,,,,,,,,,,,False
259,"Clark, Terri",A Little Gasoline,187,Country,2000-12-16,2000-12-16,Winter,0.0,6,75,75.0,-0.0,99.0,75,82.0,88.0,96.0,99.0,99.0,,,,,,,,,,,,,,,,,,,,,,,,,,,,,,,,,,,,,,,,,,,,,,,,,,,,,,,,,,,,False
260,"Brock, Chad",A Country Boy Can Survive,234,Country,2000-01-01,2000-01-08,Winter,1.0,3,93,75.0,18.0,92.0,93,75.0,92.0,,,,,,,,,,,,,,,,,,,,,,,,,,,,,,,,,,,,,,,,,,,,,,,,,,,,,,,,,,,,,,,False
261,"Cagle, Chris",My Love Goes On And On,182,Country,2000-10-21,2000-12-02,Fall,6.0,11,99,76.0,23.0,91.0,99,94.0,94.0,87.0,84.0,83.0,76.0,76.0,79.0,83.0,91.0,,,,,,,,,,,,,,,,,,,,,,,,,,,,,,,,,,,,,,,,,,,,,,,,,,,,,,,False
262,"Byrd, Tracy",Put Your Hand In Mine,270,Country,2000-01-29,2000-02-12,Winter,2.0,8,81,76.0,5.0,99.0,81,77.0,76.0,76.0,86.0,88.0,92.0,99.0,,,,,,,,,,,,,,,,,,,,,,,,,,,,,,,,,,,,,,,,,,,,,,,,,,,,,,,,,,False
263,Metallica,I Disappear,266,Rock,2000-05-13,2000-06-17,Spring,5.0,20,86,76.0,10.0,95.0,86,84.0,88.0,81.0,81.0,76.0,81.0,81.0,78.0,84.0,83.0,82.0,87.0,88.0,91.0,94.0,98.0,95.0,89.0,95.0,,,,,,,,,,,,,,,,,,,,,,,,,,,,,,,,,,,,,,,,,,,,,,False
264,Jay-Z,Hey Papi,220,Rap,2000-08-12,2000-10-07,Summer,8.0,15,98,76.0,22.0,94.0,98,100.0,98.0,94.0,83.0,83.0,80.0,78.0,76.0,77.0,85.0,91.0,93.0,88.0,94.0,,,,,,,,,,,,,,,,,,,,,,,,,,,,,,,,,,,,,,,,,,,,,,,,,,,False
265,Fatboy Slim,The Rockafeller Skank,240,Others,1999-11-13,2000-01-22,Fall,10.0,12,94,76.0,18.0,95.0,94,94.0,94.0,87.0,77.0,77.0,83.0,82.0,82.0,92.0,76.0,95.0,,,,,,,,,,,,,,,,,,,,,,,,,,,,,,,,,,,,,,,,,,,,,,,,,,,,,,False
266,"Levert, Gerald",Mr. Too Damn Good,246,Others,2000-03-18,2000-04-08,Spring,3.0,8,84,76.0,8.0,97.0,84,83.0,83.0,76.0,86.0,86.0,88.0,97.0,,,,,,,,,,,,,,,,,,,,,,,,,,,,,,,,,,,,,,,,,,,,,,,,,,,,,,,,,,False
267,"McKnight, Brian",Stay Or Let It Go,272,Rock,2000-02-26,2000-03-25,Winter,4.0,8,95,76.0,19.0,93.0,95,92.0,82.0,78.0,76.0,88.0,100.0,93.0,,,,,,,,,,,,,,,,,,,,,,,,,,,,,,,,,,,,,,,,,,,,,,,,,,,,,,,,,,False
268,"Allan, Gary",Smoke Rings In The Dark,258,Country,2000-01-22,2000-02-05,Winter,2.0,5,80,76.0,4.0,92.0,80,78.0,76.0,77.0,92.0,,,,,,,,,,,,,,,,,,,,,,,,,,,,,,,,,,,,,,,,,,,,,,,,,,,,,,,,,,,,,False
269,Ginuwine,The Best Man I Can Be,246,Rock,2000-01-08,2000-03-04,Winter,8.0,12,97,77.0,20.0,89.0,97,97.0,83.0,94.0,84.0,88.0,85.0,82.0,77.0,77.0,85.0,89.0,,,,,,,,,,,,,,,,,,,,,,,,,,,,,,,,,,,,,,,,,,,,,,,,,,,,,,False
270,Before Dark,Monica,244,Rock,2000-05-20,2000-06-17,Spring,4.0,9,95,77.0,18.0,100.0,95,87.0,80.0,80.0,77.0,87.0,91.0,91.0,100.0,,,,,,,,,,,,,,,,,,,,,,,,,,,,,,,,,,,,,,,,,,,,,,,,,,,,,,,,,False
271,"Estefan, Gloria",No Me Dejes De Querer,205,Rock,2000-06-10,2000-06-10,Summer,0.0,1,77,77.0,-0.0,77.0,77,,,,,,,,,,,,,,,,,,,,,,,,,,,,,,,,,,,,,,,,,,,,,,,,,,,,,,,,,,,,,,,,,False
272,Stone Temple Pilots,Sour Girl,256,Rock,2000-07-08,2000-07-29,Summer,3.0,13,79,78.0,1.0,98.0,79,79.0,79.0,78.0,78.0,87.0,89.0,88.0,95.0,93.0,91.0,94.0,98.0,,,,,,,,,,,,,,,,,,,,,,,,,,,,,,,,,,,,,,,,,,,,,,,,,,,,,False
273,Montgomery Gentry,Daddy Won't Sell The Farm,258,Country,2000-03-04,2000-03-25,Spring,3.0,6,87,79.0,8.0,96.0,87,83.0,81.0,79.0,81.0,96.0,,,,,,,,,,,,,,,,,,,,,,,,,,,,,,,,,,,,,,,,,,,,,,,,,,,,,,,,,,,,False
274,"Cyrus, Billy Ray",You Won't Be Lonely Now,225,Country,2000-09-23,2000-11-11,Fall,7.0,13,97,80.0,17.0,95.0,97,97.0,97.0,92.0,91.0,88.0,85.0,80.0,82.0,80.0,80.0,89.0,95.0,,,,,,,,,,,,,,,,,,,,,,,,,,,,,,,,,,,,,,,,,,,,,,,,,,,,,False
275,Clark Family Experience,Meanwhile Back At The Ranch,176,Country,2000-11-18,2000-12-16,Fall,4.0,12,87,80.0,7.0,91.0,87,86.0,81.0,92.0,80.0,80.0,82.0,84.0,82.0,81.0,85.0,91.0,,,,,,,,,,,,,,,,,,,,,,,,,,,,,,,,,,,,,,,,,,,,,,,,,,,,,,False
276,"Thomas, Carl",Summer Rain,297,Rock,2000-09-23,2000-10-14,Fall,3.0,11,82,80.0,2.0,95.0,82,82.0,86.0,80.0,82.0,83.0,84.0,82.0,88.0,94.0,95.0,,,,,,,,,,,,,,,,,,,,,,,,,,,,,,,,,,,,,,,,,,,,,,,,,,,,,,,False
277,"Yearwood, Trisha",Real Live Woman,235,Country,2000-04-01,2000-04-29,Spring,4.0,6,85,81.0,4.0,91.0,85,83.0,83.0,82.0,81.0,91.0,,,,,,,,,,,,,,,,,,,,,,,,,,,,,,,,,,,,,,,,,,,,,,,,,,,,,,,,,,,,False
278,Trick Daddy,Shut Up,257,Rap,2000-05-20,2000-06-17,Spring,4.0,11,99,83.0,16.0,97.0,99,95.0,87.0,87.0,83.0,83.0,89.0,87.0,92.0,92.0,97.0,,,,,,,,,,,,,,,,,,,,,,,,,,,,,,,,,,,,,,,,,,,,,,,,,,,,,,,False
279,"Moore, Chante",Straight Up,220,Rock,2000-10-28,2000-12-02,Fall,5.0,9,98,83.0,15.0,98.0,98,98.0,97.0,90.0,85.0,83.0,83.0,97.0,98.0,,,,,,,,,,,,,,,,,,,,,,,,,,,,,,,,,,,,,,,,,,,,,,,,,,,,,,,,,False
280,Cam'ron,What Means The World To You,278,Rap,2000-10-14,2000-11-18,Fall,5.0,10,94,83.0,11.0,92.0,94,94.0,96.0,91.0,84.0,83.0,88.0,87.0,95.0,92.0,,,,,,,,,,,,,,,,,,,,,,,,,,,,,,,,,,,,,,,,,,,,,,,,,,,,,,,,False
281,Juvenile,U Understand,231,Rap,2000-02-05,2000-02-12,Winter,1.0,6,85,83.0,2.0,96.0,85,83.0,100.0,98.0,97.0,96.0,,,,,,,,,,,,,,,,,,,,,,,,,,,,,,,,,,,,,,,,,,,,,,,,,,,,,,,,,,,,False
282,"Hollister, Dave",Can't Stay,377,Rock,2000-03-25,2000-03-25,Spring,0.0,4,84,84.0,-0.0,98.0,84,84.0,93.0,98.0,,,,,,,,,,,,,,,,,,,,,,,,,,,,,,,,,,,,,,,,,,,,,,,,,,,,,,,,,,,,,,False
283,Tamia,Can't Go For That,218,Rock,2000-09-16,2000-09-30,Fall,2.0,5,90,84.0,6.0,97.0,90,86.0,84.0,88.0,97.0,,,,,,,,,,,,,,,,,,,,,,,,,,,,,,,,,,,,,,,,,,,,,,,,,,,,,,,,,,,,,False
284,LFO,West Side Story,207,Rock,2000-08-05,2000-08-12,Summer,1.0,4,96,84.0,12.0,96.0,96,84.0,88.0,96.0,,,,,,,,,,,,,,,,,,,,,,,,,,,,,,,,,,,,,,,,,,,,,,,,,,,,,,,,,,,,,,False
285,"Paisley, Brad",Me Neither,199,Country,2000-05-13,2000-05-20,Spring,1.0,4,87,85.0,2.0,92.0,87,85.0,90.0,92.0,,,,,,,,,,,,,,,,,,,,,,,,,,,,,,,,,,,,,,,,,,,,,,,,,,,,,,,,,,,,,,False
286,"Carter, Torrey",Take That,223,Rock,2000-06-24,2000-07-08,Summer,2.0,7,94,86.0,8.0,99.0,94,88.0,86.0,91.0,89.0,87.0,99.0,,,,,,,,,,,,,,,,,,,,,,,,,,,,,,,,,,,,,,,,,,,,,,,,,,,,,,,,,,,False
287,2Ge+her,The Hardest Part Of Breaking Up (Is Getting Back Your Stuff),195,Others,2000-09-02,2000-09-09,Fall,1.0,3,91,87.0,4.0,92.0,91,87.0,92.0,,,,,,,,,,,,,,,,,,,,,,,,,,,,,,,,,,,,,,,,,,,,,,,,,,,,,,,,,,,,,,,False
288,Madison Avenue,Don't Call Me Baby,224,Others,2000-07-08,2000-09-16,Summer,10.0,20,98,88.0,10.0,97.0,98,96.0,93.0,93.0,93.0,92.0,92.0,92.0,90.0,92.0,88.0,88.0,88.0,95.0,93.0,98.0,93.0,92.0,90.0,97.0,,,,,,,,,,,,,,,,,,,,,,,,,,,,,,,,,,,,,,,,,,,,,,False
289,Eve,Got It All,228,Rap,2000-07-15,2000-07-22,Summer,1.0,5,89,88.0,1.0,95.0,89,88.0,88.0,91.0,95.0,,,,,,,,,,,,,,,,,,,,,,,,,,,,,,,,,,,,,,,,,,,,,,,,,,,,,,,,,,,,,False
290,Limp Bizkit,Re-Arranged,248,Rock,1999-12-04,2000-02-05,Winter,9.0,18,91,88.0,3.0,100.0,91,91.0,90.0,95.0,95.0,99.0,96.0,96.0,92.0,88.0,89.0,93.0,91.0,91.0,89.0,90.0,93.0,100.0,,,,,,,,,,,,,,,,,,,,,,,,,,,,,,,,,,,,,,,,,,,,,,,,False
291,"Spencer, Tracie",Still In My Heart,251,Rock,2000-03-04,2000-03-11,Spring,1.0,3,95,88.0,7.0,98.0,95,88.0,98.0,,,,,,,,,,,,,,,,,,,,,,,,,,,,,,,,,,,,,,,,,,,,,,,,,,,,,,,,,,,,,,,False
292,Nu Flavor,3 Little Words,234,Others,2000-06-03,2000-06-17,Summer,2.0,9,97,89.0,8.0,98.0,97,97.0,89.0,89.0,94.0,90.0,99.0,97.0,98.0,,,,,,,,,,,,,,,,,,,,,,,,,,,,,,,,,,,,,,,,,,,,,,,,,,,,,,,,,False
293,Tamar,If You Don't Wanna Love Me,242,Rock,2000-03-25,2000-04-15,Spring,3.0,6,98,89.0,9.0,93.0,98,98.0,92.0,89.0,92.0,93.0,,,,,,,,,,,,,,,,,,,,,,,,,,,,,,,,,,,,,,,,,,,,,,,,,,,,,,,,,,,,False
294,"Levert, Gerald",Baby U Are,250,Others,2000-08-19,2000-08-26,Summer,1.0,5,96,89.0,7.0,96.0,96,89.0,92.0,96.0,96.0,,,,,,,,,,,,,,,,,,,,,,,,,,,,,,,,,,,,,,,,,,,,,,,,,,,,,,,,,,,,,False
295,"Hart, Beth",L.A. Song,227,Country,1999-11-27,2000-01-15,Fall,7.0,12,99,90.0,9.0,97.0,99,100.0,98.0,99.0,99.0,99.0,98.0,90.0,99.0,97.0,91.0,97.0,,,,,,,,,,,,,,,,,,,,,,,,,,,,,,,,,,,,,,,,,,,,,,,,,,,,,,False
296,"Diffie, Joe",The Quittin' Kind,203,Country,2000-01-01,2000-01-22,Winter,3.0,6,98,90.0,8.0,94.0,98,100.0,100.0,90.0,93.0,94.0,,,,,,,,,,,,,,,,,,,,,,,,,,,,,,,,,,,,,,,,,,,,,,,,,,,,,,,,,,,,False
297,Funkmaster Flex,Do You,254,Rap,2000-11-11,2000-12-02,Fall,3.0,7,92,91.0,1.0,100.0,92,92.0,95.0,91.0,91.0,94.0,100.0,,,,,,,,,,,,,,,,,,,,,,,,,,,,,,,,,,,,,,,,,,,,,,,,,,,,,,,,,,,False
298,"Price, Kelly",Love Sets You Free,226,Rock,2000-05-13,2000-05-20,Spring,1.0,4,92,91.0,1.0,100.0,92,91.0,98.0,100.0,,,,,,,,,,,,,,,,,,,,,,,,,,,,,,,,,,,,,,,,,,,,,,,,,,,,,,,,,,,,,,False
299,En Vogue,Riddle,310,Rock,2000-06-17,2000-06-17,Summer,0.0,4,92,92.0,-0.0,100.0,92,92.0,97.0,100.0,,,,,,,,,,,,,,,,,,,,,,,,,,,,,,,,,,,,,,,,,,,,,,,,,,,,,,,,,,,,,,False
300,"Herndon, Ty",No Mercy,283,Country,2000-03-18,2000-05-06,Spring,7.0,8,100,92.0,8.0,96.0,100,99.0,99.0,,,98.0,94.0,92.0,95.0,96.0,,,,,,,,,,,,,,,,,,,,,,,,,,,,,,,,,,,,,,,,,,,,,,,,,,,,,,,,False
301,Anastacia,I'm Outta Love,241,Others,2000-04-01,2000-04-01,Spring,0.0,3,92,92.0,-0.0,97.0,92,,,95.0,,,,,,,,97.0,,,,,,,,,,,,,,,,,,,,,,,,,,,,,,,,,,,,,,,,,,,,,,,,,,,,,,False
302,Trina,Pull Over,178,Rap,2000-09-09,2000-09-16,Fall,1.0,4,97,93.0,4.0,100.0,97,93.0,96.0,100.0,,,,,,,,,,,,,,,,,,,,,,,,,,,,,,,,,,,,,,,,,,,,,,,,,,,,,,,,,,,,,,False
303,Lil' Mo,Ta Da,257,Rap,2000-08-12,2000-09-16,Summer,5.0,7,100,95.0,5.0,99.0,100,99.0,97.0,97.0,100.0,95.0,99.0,,,,,,,,,,,,,,,,,,,,,,,,,,,,,,,,,,,,,,,,,,,,,,,,,,,,,,,,,,,False
304,A*Teens,Dancing Queen,224,Others,2000-07-08,2000-07-29,Summer,3.0,5,97,95.0,2.0,100.0,97,97.0,96.0,95.0,100.0,,,,,,,,,,,,,,,,,,,,,,,,,,,,,,,,,,,,,,,,,,,,,,,,,,,,,,,,,,,,,False
305,"Sheist, Shade",Where I Wanna Be,256,Rap,2000-11-11,2000-11-18,Fall,1.0,5,96,95.0,1.0,62.0,96,95.0,99.0,99.0,100.0,,,,,,,,,,,,,,,,,,,,,,,,,,,,,,,,,,,,,,,,,,,,,,,,,,,,,,,,,,,,,False
306,De La Soul,All Good?,302,Rap,2000-12-23,2000-12-23,Winter,0.0,3,96,96.0,-0.0,100.0,96,96.0,100.0,,,,,,,,,,,,,,,,,,,,,,,,,,,,,,,,,,,,,,,,,,,,,,,,,,,,,,,,,,,,,,,False
307,"Larrieux, Amel",Get Up,242,Others,2000-03-04,2000-03-11,Spring,1.0,3,100,97.0,3.0,97.0,100,97.0,97.0,,,,,,,,,,,,,,,,,,,,,,,,,,,,,,,,,,,,,,,,,,,,,,,,,,,,,,,,,,,,,,,False
308,"Braxton, Toni",Spanish Guitar,264,Rock,2000-12-02,2000-12-02,Winter,0.0,3,98,98.0,-0.0,98.0,98,98.0,98.0,,,,,,,,,,,,,,,,,,,,,,,,,,,,,,,,,,,,,,,,,,,,,,,,,,,,,,,,,,,,,,,False
309,Tuesday,I Know,246,Rock,2000-12-30,2000-12-30,Winter,0.0,2,98,98.0,-0.0,98.0,98,98.0,,,,,,,,,,,,,,,,,,,,,,,,,,,,,,,,,,,,,,,,,,,,,,,,,,,,,,,,,,,,,,,,False
310,LL Cool J,Imagine That,240,Rap,2000-08-12,2000-08-19,Summer,1.0,2,99,98.0,1.0,98.0,99,98.0,,,,,,,,,,,,,,,,,,,,,,,,,,,,,,,,,,,,,,,,,,,,,,,,,,,,,,,,,,,,,,,,False
311,Master P,Souljas,213,Rap,2000-11-18,2000-11-18,Fall,0.0,1,98,98.0,-0.0,98.0,98,,,,,,,,,,,,,,,,,,,,,,,,,,,,,,,,,,,,,,,,,,,,,,,,,,,,,,,,,,,,,,,,,False
312,Ghostface Killah,Cherchez LaGhost,184,Others,2000-08-05,2000-08-05,Summer,0.0,1,98,98.0,-0.0,98.0,98,,,,,,,,,,,,,,,,,,,,,,,,,,,,,,,,,,,,,,,,,,,,,,,,,,,,,,,,,,,,,,,,,False
313,"Smith, Will",Freakin' It,238,Rap,2000-02-12,2000-02-12,Winter,0.0,4,99,99.0,-0.0,99.0,99,99.0,99.0,99.0,,,,,,,,,,,,,,,,,,,,,,,,,,,,,,,,,,,,,,,,,,,,,,,,,,,,,,,,,,,,,,False
314,Zombie Nation,Kernkraft 400,210,Rock,2000-09-02,2000-09-02,Fall,0.0,2,99,99.0,-0.0,99.0,99,99.0,,,,,,,,,,,,,,,,,,,,,,,,,,,,,,,,,,,,,,,,,,,,,,,,,,,,,,,,,,,,,,,,False
315,"Eastsidaz, The",Got Beef,238,Rap,2000-07-01,2000-07-01,Summer,0.0,2,99,99.0,-0.0,99.0,99,99.0,,,,,,,,,,,,,,,,,,,,,,,,,,,,,,,,,,,,,,,,,,,,,,,,,,,,,,,,,,,,,,,,False
316,Fragma,Toca's Miracle,202,Others,2000-10-28,2000-10-28,Fall,0.0,1,99,99.0,-0.0,99.0,99,,,,,,,,,,,,,,,,,,,,,,,,,,,,,,,,,,,,,,,,,,,,,,,,,,,,,,,,,,,,,,,,,False
